±¤Á¾,Ç°¸ñ,´ë·ú,±¹°¡,´ÜÀ§,2011 »ý»ê·®,2012 »ý»ê·®,2013 »ý»ê·®,2014 »ý»ê·®,2015 »ý»ê·®,2016 »ý»ê·®,2017 »ý»ê·®,2018 »ý»ê·®,2019 »ý»ê·®,2020 »ý»ê·®,2021 »ý»ê·®,2022 »ý»ê·®
¾Ë·ç¹Ì´½,bauxite,EUROPE,Bosnia & Herzegovina,ÃµÅæ,561.354,800.316,657.1,605.215,787.404,738.612,740.38,760.244,1043.343,619.748,675.269,633.529
¾Ë·ç¹Ì´½,bauxite,EUROPE,Croatia,ÃµÅæ,0,0,0,0,11.9,9.8,12.2,11.8,14.3,14.1,14.5,13.8
¾Ë·ç¹Ì´½,bauxite,EUROPE,France,ÃµÅæ,80.8,90.129,100,71.1,70,110,110,110,120.76,123.496,142.764,120
¾Ë·ç¹Ì´½,bauxite,EUROPE,Greece,ÃµÅæ,2324,1815.328,1844,1876,1831.27,1880,1927.145,1559.36,1379.123,1428.639,1227,1500
¾Ë·ç¹Ì´½,bauxite,EUROPE,Hungary,ÃµÅæ,277.8,255.1,93.7,14.4,8.3,16.7,4,5,0,0,0,0
¾Ë·ç¹Ì´½,bauxite,EUROPE,Montenegro,ÃµÅæ,158.6,0,61.154,82.162,50.369,516.239,927.846,468.2,774.725,897.057,542.049,170.768
¾Ë·ç¹Ì´½,bauxite,EUROPE,Russia,ÃµÅæ,5887.5,5166,5322,5589,5398,5431,5523,5651,6641,6647,6530.85,5538.9
¾Ë·ç¹Ì´½,bauxite,AFRICA,Ghana,ÃµÅæ,400.069,752.771,826.994,798.114,1014.605,1143.676,1476.966,1011.302,1116.334,1162.1,839.465,518.84
¾Ë·ç¹Ì´½,bauxite,AFRICA,Guinea,ÃµÅæ,17695.39,19614,20498,20287.8,20904.708,32423.932,51701.564,59573.707,70173.327,87766.199,90621.577,92416.175
¾Ë·ç¹Ì´½,bauxite,AFRICA,Ivory Coast,ÃµÅæ,0,0,0,0,0,0,0,0,0,272.295,300,120
¾Ë·ç¹Ì´½,bauxite,AFRICA,Mozambique,ÃµÅæ,10.352,8.633,5.697,3.324,4.985,1.451,3.182,9.912,8.024,6.491,7.852,7.8
¾Ë·ç¹Ì´½,bauxite,AFRICA,Sierra Leone,ÃµÅæ,1321,776,616,1161,1334.046,1368.502,1787.716,1938.455,1883.863,1342.139,1396.678,1074.89
¾Ë·ç¹Ì´½,bauxite,AFRICA,Tanzania,ÃµÅæ,29.52,28.434,39.977,25.641,0.205,0.073,0.013,0,0,0.026,38.142,9.87
¾Ë·ç¹Ì´½,bauxite,ASIA,China,ÃµÅæ,37173.844,44052.271,50339.383,59212.401,60787.599,66157.689,68392.954,70751.214,73323.663,73200,75000,73200
¾Ë·ç¹Ì´½,bauxite,ASIA,India,ÃµÅæ,13000,16507.96,20421,20688,26383,24219,22775.993,23228.82,22307.024,20315.303,22152.195,21374.914
¾Ë·ç¹Ì´½,bauxite,ASIA,Indonesia,ÃµÅæ,40643.852,31443.325,57023.8,2556.429,611.406,1458,2900,13243.2,16592.7,25859,25781,22046
¾Ë·ç¹Ì´½,bauxite,ASIA,Iran,ÃµÅæ,847,898.437,903.559,748.297,840.7,868.3,795.937,778.319,752.503,893.855,766.08,557.255
¾Ë·ç¹Ì´½,bauxite,ASIA,Kazakhstan,ÃµÅæ,5495.3,5170.3,5192.8,4515.6,4683,4801.3,4846.1,6104.2,4118.4,4057.8,4370.1,4320
¾Ë·ç¹Ì´½,bauxite,ASIA,Malaysia,ÃµÅæ,188.141,121.873,219.9,962.799,7164.956,34.924,189.131,589.697,1070.561,594.715,47.577,321.426
¾Ë·ç¹Ì´½,bauxite,ASIA,Pakistan,ÃµÅæ,,0,0,0,31.092,0,0,0,58.079,72,0,0
¾Ë·ç¹Ì´½,bauxite,ASIA,Saudi Arabia,ÃµÅæ,206,760.114,1044.36,2076,3022,4768,4117,5061,5127,4945.928,4780.876,5332.116
¾Ë·ç¹Ì´½,bauxite,ASIA,Turkey,ÃµÅæ,1024.896,1521.204,795.562,1091.442,518.55,989.2,1719.096,678.138,2255.48,2399.68,2764.873,2244
¾Ë·ç¹Ì´½,bauxite,ASIA,Vietnam,ÃµÅæ,99.73,600,482,1100,1100,1500,2700,3569.7,3600,3610,3659.45,3577.7
¾Ë·ç¹Ì´½,bauxite,AMERICA,Brazil,ÃµÅæ,33624.6,34987.8,33896,36313.2,37057,39244.2,38242.1,32377,31937.9,32897.8,35949.6,32321.4
¾Ë·ç¹Ì´½,bauxite,AMERICA,Colombia,ÃµÅæ,0,0,0,0,0,0,0,9,18.032,0,3.2,2.4
¾Ë·ç¹Ì´½,bauxite,AMERICA,Dominican Republic,ÃµÅæ,0,10.522,769.5,1446.3,1724.2,7.318,0,0,0,9.475,54.8,133.2
¾Ë·ç¹Ì´½,bauxite,AMERICA,Guyana,ÃµÅæ,1818.399,2213.972,1713.2,1563.563,1526.7,1479.09,1459.327,1926.052,1919.749,595.942,618.552,605.105
¾Ë·ç¹Ì´½,bauxite,AMERICA,Jamaica,ÃµÅæ,10188.916,9339.291,9435.214,9676.697,9628.824,8540.13,8244.628,10058.228,9022.286,7546.139,5949.599,4364.729
¾Ë·ç¹Ì´½,bauxite,AMERICA,Surinam,ÃµÅæ,3236.12,2873.343,2705.696,2707.721,1871.432,0,0,0,0,0,0,0
¾Ë·ç¹Ì´½,bauxite,AMERICA,U.S.A.,ÃµÅæ,63.121,128.152,138.154,243.468,475.092,272.9,352.1,399.7,154.9,13.59,0,0
¾Ë·ç¹Ì´½,bauxite,AMERICA,Venezuela,ÃµÅæ,2454.769,2285.949,2341,2315.8,991.81,300,242,92,79,0,0,0
¾Ë·ç¹Ì´½,bauxite,OCEANIA,Australia,ÃµÅæ,69977,76281.247,81119.334,78631.998,80909.262,83517.148,89420.586,95947.593,105543.789,103626.811,103266.404,102614.358
¾Ë·ç¹Ì´½,bauxite,OCEANIA,Fiji,ÃµÅæ,0,0,0,0,172.336,59.5,60,57.96,0,0,0,0
¾Ë·ç¹Ì´½,bauxite,OCEANIA,Solomon Islands,ÃµÅæ,0,0,0,0,291.889,240,1520,1650,1234,843,0,155.4
¾Ë·ç¹Ì´½,refined,EUROPE,Bosnia & Herzegovina,ÃµÅæ,163.654,159.66,157.1,131.238,118.253,106.649,125.536,131.508,67.69,0,0,137.568
¾Ë·ç¹Ì´½,refined,EUROPE,France,ÃµÅæ,334,349,343,400,415,424.6,430,380,402,417,440.8,337.9
¾Ë·ç¹Ì´½,refined,EUROPE,Germany,ÃµÅæ,432.474,410.413,492.368,530.682,541.381,546.805,549.994,528.867,507.934,529.054,509.193,341.213
¾Ë·ç¹Ì´½,refined,EUROPE,Greece,ÃµÅæ,165.15,165.046,169.457,173.3,180,181.189,181.7,187.465,186.903,189.036,183.7,236.5
¾Ë·ç¹Ì´½,refined,EUROPE,Hungary,ÃµÅæ,0,0,0,0,0,0,0,0,0,0,0,0
¾Ë·ç¹Ì´½,refined,EUROPE,Iceland,ÃµÅæ,780.853,802.827,736.429,698.887,724.24,700.15,760,731.5,682.6,691.995,695.861,725.917
¾Ë·ç¹Ì´½,refined,EUROPE,Italy,ÃµÅæ,133.9,97.1,0,0,0,0,0,0,0,0,0,0
¾Ë·ç¹Ì´½,refined,EUROPE,Montenegro,ÃµÅæ,92.526,74.384,47.951,42.767,42.499,38.9,39.379,40.163,36.522,37.208,45.214,0
¾Ë·ç¹Ì´½,refined,EUROPE,Netherlands,ÃµÅæ,327.96,86.272,81.011,0.822,27.704,36.288,29.3,41.303,81.149,70.615,46.731,0
¾Ë·ç¹Ì´½,refined,EUROPE,Norway,ÃµÅæ,1201,1110.9,1172.9,1182,1224,1247,1253,1295.02,1312.005,1330,1431.004,1333.786
¾Ë·ç¹Ì´½,refined,EUROPE,Poland,ÃµÅæ,0,0,0,0,0,0,0,0,0,0,0,0
¾Ë·ç¹Ì´½,refined,EUROPE,Romania,ÃµÅæ,260.02,249,250,263,271.44,272.5,282.074,282.809,280.326,271.309,293.399,191.805
¾Ë·ç¹Ì´½,refined,EUROPE,Russia,ÃµÅæ,3992,4024,3724,3488,3529,3561,3741.7,3774,3895.8,3855.7,3931.4,3661
¾Ë·ç¹Ì´½,refined,EUROPE,Slovakia,ÃµÅæ,162.841,160.663,163.378,167.794,171.328,173.642,173.493,173.721,174.795,151.875,163.995,71.933
¾Ë·ç¹Ì´½,refined,EUROPE,Slovenia,ÃµÅæ,75.301,83.278,84.035,84.361,83.776,84.365,84.424,80.511,68.255,50.182,37.867,37.2
¾Ë·ç¹Ì´½,refined,EUROPE,Spain,ÃµÅæ,408.38,386.395,420.41,484.872,360,360,360,350,230,216.2,192.7,0
¾Ë·ç¹Ì´½,refined,EUROPE,Sweden,ÃµÅæ,124.569,136.81,136.813,126.178,127.28,129.37,130.189,127.227,122.925,121.171,123.8,120
¾Ë·ç¹Ì´½,refined,EUROPE,Switzerland,ÃµÅæ,0,0,0,0,0,0,0,0,0,0,0,0
¾Ë·ç¹Ì´½,refined,EUROPE,Ukraine,ÃµÅæ,7.172,0,0,0,0,0,0,0,0,0,0,0
¾Ë·ç¹Ì´½,refined,EUROPE,United Kingdom,ÃµÅæ,213,60,45,41,48,46,46.508,44.383,39.39,35.745,37.573,31.337
¾Ë·ç¹Ì´½,refined,AFRICA,Cameroon,ÃµÅæ,69,52,75,93,63.2,63.9,75.4,71.2,54,68.224,52.035,55.702
¾Ë·ç¹Ì´½,refined,AFRICA,Egypt,ÃµÅæ,353.904,393.696,325.344,306.006,336.593,297,297.996,317.004,256,268,207.058,195.746
¾Ë·ç¹Ì´½,refined,AFRICA,Ghana,ÃµÅæ,36,37.976,36.601,38.116,33.782,33.8,40.5,42.9,43.217,37.62,39.2,69.533
¾Ë·ç¹Ì´½,refined,AFRICA,Mozambique,ÃµÅæ,561.702,563.83,561.702,566.878,558.425,571.1,577.496,571.127,564.756,571.128,564.756,573.146
¾Ë·ç¹Ì´½,refined,AFRICA,Nigeria,ÃµÅæ,17.647,25.882,2.353,0,0,0,0,0,0,0,8.06,0.72
¾Ë·ç¹Ì´½,refined,AFRICA,South Africa,ÃµÅæ,808.4,665,822,745,695,701,716,714.002,717,717,714,718
¾Ë·ç¹Ì´½,refined,ASIA,Azerbaijan,ÃµÅæ,0,54.242,53.922,50.358,49.038,36.8,28.5,44.71,32.693,31.5,25.706,41.449
¾Ë·ç¹Ì´½,refined,ASIA,Bahrain,ÃµÅæ,881.31,890.217,912.7,931.427,960.643,971.42,981.016,1011.1,1365.005,1548.5,1561.222,1600.111
¾Ë·ç¹Ì´½,refined,ASIA,China,ÃµÅæ,20072,23534,26534,28316.7,31518,32697.996,35189.054,36447.29,35974.528,37080.401,38502.609,40214
¾Ë·ç¹Ì´½,refined,ASIA,India,ÃµÅæ,1659.692,1713.924,1596.6,1898.891,1885.706,2732.949,3061.603,2933.939,3634.677,3568.101,3960.239,4047
¾Ë·ç¹Ì´½,refined,ASIA,Indonesia,ÃµÅæ,246.333,252.967,255.269,264.472,257.148,245.033,218.729,219.305,233.5,220.096,200.577,172.516
¾Ë·ç¹Ì´½,refined,ASIA,Iran,ÃµÅæ,321.9,336.53,331.855,282.675,296.148,296.924,300.151,307.108,233.832,376.797,506.722,631.867
¾Ë·ç¹Ì´½,refined,ASIA,Japan,ÃµÅæ,4.671,4.495,2.951,0.538,0,0,0,0,0,0,0,0
¾Ë·ç¹Ì´½,refined,ASIA,Kazakhstan,ÃµÅæ,248.766,250.269,250.563,207.85,219,235.6,254,258.4,264.9,265,262.406,254.442
¾Ë·ç¹Ì´½,refined,ASIA,Malaysia,ÃµÅæ,188.1,121.9,290.772,440,439.92,620,760.02,759.95,760,760,901,996
¾Ë·ç¹Ì´½,refined,ASIA,Oman,ÃµÅæ,373,360,354,363.5,377.186,386.395,253,381,390.516,396.929,395,395.6
¾Ë·ç¹Ì´½,refined,ASIA,Qatar,ÃµÅæ,450,627.971,634,640.153,610,612,620,616,628,655.3,634,653
¾Ë·ç¹Ì´½,refined,ASIA,Saudi Arabia,ÃµÅæ,0,0,187,662,839,871,916,932,967,1010.562,998,952
¾Ë·ç¹Ì´½,refined,ASIA,Tajikistan,ÃµÅæ,277.584,272.5,216.4,125,139.1,129.3,103,95.763,100.714,83.979,61,29.8
¾Ë·ç¹Ì´½,refined,ASIA,Turkey,ÃµÅæ,56.366,43.687,32.179,30.426,45.87,78.809,84.534,73.291,77.777,79.865,79.242,78.381
¾Ë·ç¹Ì´½,refined,ASIA,United Arab Emirates 1,ÃµÅæ,1750,1861.002,1847.916,2296,2397,2471,2600,2640,2579,2520,2540,2473.289
¾Ë·ç¹Ì´½,refined,ASIA,Vietnam,ÃµÅæ,11.9,12.7,177,485,0,0,0,0,0,0,0,0
¾Ë·ç¹Ì´½,refined,AMERICA,Argentina,ÃµÅæ,416.469,414.388,434.759,442.898,430.388,428.957,431.239,439.605,438.434,309.804,338.239,399.157
¾Ë·ç¹Ì´½,refined,AMERICA,Brazil,ÃµÅæ,1440.4,1436.4,1304.1,962,772.2,790,801.7,659,650.2,685.1,771.7,781.4
¾Ë·ç¹Ì´½,refined,AMERICA,Canada,ÃµÅæ,2987.964,2780.556,2967.364,2858.238,2880.037,3208.707,3211.882,2923.204,2853.771,3118,3136.704,3033.966
¾Ë·ç¹Ì´½,refined,AMERICA,U.S.A.,ÃµÅæ,1983.476,2070.316,1947.854,1709.668,1586.518,818.43,740.885,896.652,1126.032,1026.615,907.846,872.27
¾Ë·ç¹Ì´½,refined,AMERICA,Venezuela,ÃµÅæ,329.952,203.023,169.639,138.3,125.458,147.3,136.009,64.7,0,0,0,0
¾Ë·ç¹Ì´½,refined,OCEANIA,Australia,ÃµÅæ,1945,1864,1777.408,1704.99,1646,1633.904,1487.555,1574.24,1569.591,1585.017,1558.528,1495.995
¾Ë·ç¹Ì´½,refined,OCEANIA,New Zealand,ÃµÅæ,357,325,324,327,334,338.6,337,340,351,334,333,336
¾ÈÆ¼¸ð´Ï,mine,EUROPE,Russia,Åæ,6348,6400,6520,6520,7420,11888,16533,25233,15270,16800,16800,9000
¾ÈÆ¼¸ð´Ï,mine,AFRICA,South Africa,Åæ,2391,3044,2332,815,400,0,0,0,0,0,0,0
¾ÈÆ¼¸ð´Ï,mine,ASIA,China,Åæ,123900,135600,152100,123193,120700,108000,97683,89584,60229,64530,42622,45600
¾ÈÆ¼¸ð´Ï,mine,ASIA,Kazakhstan,Åæ,800,864,0,481,916,574,160,0,0,0,102,100
¾ÈÆ¼¸ð´Ï,mine,ASIA,Kyrgyzstan,Åæ,892,924,900,1450,1200,1880,1369,676,16,28,0,77
¾ÈÆ¼¸ð´Ï,mine,ASIA,Laos,Åæ,230,521,804,620,1166,242,339,368,143,0,35,271
¾ÈÆ¼¸ð´Ï,mine,ASIA,Myanmar,Åæ,7054,5900,7200,3300,3610,2780,2881,3088,9896,537,3455,3363
¾ÈÆ¼¸ð´Ï,mine,ASIA,Pakistan,Åæ,2,12,90,120,110,38,56,0,0,17,66,142
¾ÈÆ¼¸ð´Ï,mine,ASIA,Tajikistan,Åæ,5550,5544,7308,8000,10000,28280,28100,29700,27950,22543,16777,18000
¾ÈÆ¼¸ð´Ï,mine,ASIA,Thailand,Åæ,442,672,488,706,0,0,0,0,0,0,175,29
¾ÈÆ¼¸ð´Ï,mine,ASIA,Turkey,Åæ,2340,7119,4512,3070,1917,2800,4800,4000,3400,1547,1541,1200
¾ÈÆ¼¸ð´Ï,mine,ASIA,Vietnam,Åæ,286,480,1238,1373,219,229,244,244,306,300,0,0
¾ÈÆ¼¸ð´Ï,mine,AMERICA,Bolivia,Åæ,3947,5081,5052,4186,3843,2669,2844,3110,2747,2629,3084,3404
¾ÈÆ¼¸ð´Ï,mine,AMERICA,Canada,Åæ,300,100,177,5,1,0,0,6,6,8,24,12
¾ÈÆ¼¸ð´Ï,mine,AMERICA,Ecuador,Åæ,0,0,0,0,0,0,89,0,0,0,0,0
¾ÈÆ¼¸ð´Ï,mine,AMERICA,Guatemala,Åæ,0,62,159,0,0,25,0,0,155,100,108,108
¾ÈÆ¼¸ð´Ï,mine,AMERICA,Mexico,Åæ,105,169,294,266,501,687,256,310,300,290,300,692
¾ÈÆ¼¸ð´Ï,mine,AMERICA,Peru,Åæ,0,0,0,0,0,0,0,0,0,0,0,0
¾ÈÆ¼¸ð´Ï,mine,AMERICA,U.S.A.,Åæ,0,0,100,108,0,0,0,0,0,0,0,0
¾ÈÆ¼¸ð´Ï,mine,OCEANIA,Australia,Åæ,1576,2481,3277,3828,3996,5004,3115,2174,2032,3903,3380,2292
Ä«µå¹Å,refined,EUROPE,Armenia,Åæ,0,43,38.934,43,43,43,43,43,43,43,43,43
Ä«µå¹Å,refined,EUROPE,Bulgaria,Åæ,427,363,411,382,344,362,333,313,315,311,311,311
Ä«µå¹Å,refined,EUROPE,Germany,Åæ,400,400,400,400,400,400,500,500,450,450,450,450
Ä«µå¹Å,refined,EUROPE,Netherlands,Åæ,570,560,610,620,620,620,620,1100,1100,1100,1100,1100
Ä«µå¹Å,refined,EUROPE,Norway,Åæ,248.4,310,310,320,320,355,416,400,340,340,340,340
Ä«µå¹Å,refined,EUROPE,Poland,Åæ,526,530,460,628,383,319,309,305,199,200,200,200
Ä«µå¹Å,refined,EUROPE,Russia,Åæ,1100,1166,900,1000,1000,1500,1700,1700,1400,1400,1400,1400
Ä«µå¹Å,refined,ASIA,China,Åæ,6672,7265,7496,8201,8162,8222,8411,10349,8689,8689,8689,8689
Ä«µå¹Å,refined,ASIA,India,Åæ,616.251,612.972,605.229,462.712,462.7,462.748,462.708,462.708,462.708,462.708,462.708,462.708
Ä«µå¹Å,refined,ASIA,Japan,Åæ,1754.522,1855.475,1821.178,1850.889,1959.37,1988.458,2142.02,1978.891,1782.563,1946.76,1961,1482
Ä«µå¹Å,refined,ASIA,Kazakhstan,Åæ,1278,1166,1652,1495,1495,1495,1495,1495,1495,1495,1495,1495
Ä«µå¹Å,refined,ASIA,North Korea,Åæ,200.016,200.016,200,200,200,200,200,200,200,200,200,200
Ä«µå¹Å,refined,ASIA,South Korea,Åæ,3005,3000,4000,4090,4090,4000,4000,4905,4500,4500,4500,4500
Ä«µå¹Å,refined,AMERICA,Argentina,Åæ,31,37,28,39,107,39,39,39,39,39,39,39
Ä«µå¹Å,refined,AMERICA,Canada,Åæ,1240.458,1285.533,1313.4,1187.479,1158.803,2305.378,1802.067,1857,1803,1849.179,1671.422,1663.191
Ä«µå¹Å,refined,AMERICA,Mexico,Åæ,1494,1482,1451,1409,1283,1244,1126,1357,952,978,1051,1181
Ä«µå¹Å,refined,AMERICA,Peru,Åæ,572,684,695,769,757,820,797,765,772,451,456,456
Ä«µå¹Å,refined,AMERICA,U.S.A.,Åæ,600,600,600,550,550,550,550,550,550,550,550,550
Ä«µå¹Å,refined,OCEANIA,Australia,Åæ,390,380,380,380,380,380,380,380,380,380,380,380
ÄÚ¹ßÆ®,mine,EUROPE,Belgium,Åæ,3187,4200,5415,5850,6306,6329,6987,6360,6500,6500,6500,0
ÄÚ¹ßÆ®,mine,EUROPE,Finland,Åæ,10441,10547,10010,11452,10010,11187,12221,12874,14283,15148,11326,0
ÄÚ¹ßÆ®,mine,EUROPE,France,Åæ,354,326,308,219,308,119,277,48,200,200,200,0
ÄÚ¹ßÆ®,mine,EUROPE,Germany,Åæ,0,0,0,0,0,0,0,0,0,0,0,0
ÄÚ¹ßÆ®,mine,EUROPE,Norway,Åæ,3067,2969,3400,3600,3400,3500,3500,4200,4400,4400,4400,0
ÄÚ¹ßÆ®,mine,EUROPE,Poland,Åæ,0,0,0,0,0,0,0,0,0,0,0,0
ÄÚ¹ßÆ®,mine,EUROPE,Russia,Åæ,2337,2186,2368,2302,2368,3092,2077,1800,1850,1854,1816,0
ÄÚ¹ßÆ®,mine,EUROPE,United Kingdom,Åæ,0,0,0,0,0,0,0,0,0,0,0,0
ÄÚ¹ßÆ®,mine,AFRICA,Democratic Republic Congo,Åæ,3083,2999,3000,3300,3000,400,400,400,400,400,400,0
ÄÚ¹ßÆ®,mine,AFRICA,Madagascar,Åæ,0,0,2083,2915,2083,3273,3053,2852,2850,2001,1828,0
ÄÚ¹ßÆ®,mine,AFRICA,Morocco,Åæ,1788,1314,1353,1391,1353,1568,1428,1619,2444,2397,1828,0
ÄÚ¹ßÆ®,mine,AFRICA,South Africa,Åæ,840,1100,1294,1332,1300,1101,1062,1089,1007,897,531,0
ÄÚ¹ßÆ®,mine,AFRICA,Uganda,Åæ,661,556,376,0,0,0,0,0,0,0,0,0
ÄÚ¹ßÆ®,mine,AFRICA,Zambia,Åæ,5956,5665,5000,4317,5000,4725,2520,1613,1271,367,600,0
ÄÚ¹ßÆ®,mine,ASIA,China,Åæ,34969,29784,36062,39292,36062,45046,69600,78360,85000,80000,95000,0
ÄÚ¹ßÆ®,mine,ASIA,India,Åæ,1299,800,295,100,295,100,100,100,100,100,0,0
ÄÚ¹ßÆ®,mine,ASIA,Japan,Åæ,2007,2542,2747,3654,2747,4305,4159,3669,3680,3467,3852,0
ÄÚ¹ßÆ®,mine,AMERICA,Brazil,Åæ,1613,1750,1653,1350,1653,400,46,8,0,0,0,0
ÄÚ¹ßÆ®,mine,AMERICA,Canada,Åæ,5923,5682,5559,5261,5559,5544,6507,6152,5946,5825,6045,0
ÄÚ¹ßÆ®,mine,AMERICA,U.S.A.,Åæ,0,0,0,0,0,0,0,0,0,,0,0
ÄÚ¹ßÆ®,mine,OCEANIA,Australia,Åæ,4722,4769,4981,5419,4981,3200,3000,3200,3700,2900,2500,0
µ¿,mine,EUROPE,Albania,ÃµÅæ,4.436,4.779,5.9,3.498,1.615,0,0,2.384,6.088,7.79,5.971,5.63
µ¿,mine,EUROPE,Bulgaria,ÃµÅæ,114.603,118.255,115.149,108.322,112.6,111.869,113.321,109.4,110.68,113.119,98.026,121.42
µ¿,mine,EUROPE,Finland,ÃµÅæ,14,25.445,38.763,42.79,41.085,47.489,53.146,46.755,32.892,35.492,32.692,29.026
µ¿,mine,EUROPE,Georgia,ÃµÅæ,10.003,7.213,7,13.1,11.7,7.6,9.4,9.1,9.5,10,10,15.486
µ¿,mine,EUROPE,Macedonia,ÃµÅæ,7.555,9.506,11.016,9.201,11.101,10.427,9.47,7.815,7.229,6.662,6.169,6.972
µ¿,mine,EUROPE,Poland,ÃµÅæ,426.7,427.1,429.4,421.3,426,424.3,419.2,401.3,398.9,392.7,391.3,372.9
µ¿,mine,EUROPE,Portugal,ÃµÅæ,82.209,73.968,77.147,75.238,82.999,76.598,63.718,49.112,41.436,30.685,37.941,31.906
µ¿,mine,EUROPE,Romania,ÃµÅæ,6.4,5.9,6.7,7.7,7.7,8.42,6.519,8.505,10.201,9.383,7.911,7.62
µ¿,mine,EUROPE,Russia,ÃµÅæ,713.1,720,725,683,699.8,684.5,722,773,792.2,881.2,880.8,880.8
µ¿,mine,EUROPE,Serbia,ÃµÅæ,25.803,31.103,32.684,32.743,30.618,38.488,43.387,42.482,78.009,62.571,78.317,67.166
µ¿,mine,EUROPE,Spain,ÃµÅæ,68.449,97.697,101.557,104.352,121.438,137.889,188.343,186.498,171.35,190.31,149.542,120.755
µ¿,mine,EUROPE,Sweden,ÃµÅæ,82.967,82.422,82.904,79.344,75.126,78.992,104.449,106.052,99.287,100.149,86.279,84.266
µ¿,mine,AFRICA,Botswana,ÃµÅæ,22.253,32.103,48.49,47.655,13.888,12.415,1.239,1.462,0,0,0,0
µ¿,mine,AFRICA,Democratic Republic Congo,ÃµÅæ,479.985,608.419,816.7,995.6,1039.007,1023.686,1094.638,1225.229,1420.387,1400,1878.17,2359.825
µ¿,mine,AFRICA,Eritrea,ÃµÅæ,0,0,21.817,88.9,61.6,25.3,7.9,17.1,16,21.7,21.7,20.98
µ¿,mine,AFRICA,Mauritania,ÃµÅæ,35.281,37.67,37.97,33.079,44.956,32.818,28.811,28.137,29.62,28.491,18.845,13.313
µ¿,mine,AFRICA,Morocco,ÃµÅæ,12.083,16.579,13.01,22.363,26.85,31.814,35.388,32.171,28.556,30.236,30.914,34.892
µ¿,mine,AFRICA,Mozambique,ÃµÅæ,0,0,0,0,0,0,0,0,0,0,0,0
µ¿,mine,AFRICA,Namibia,ÃµÅæ,3.366,5.74,4.896,5.249,10.659,16.391,15.466,15.177,15.743,10.641,0.951,0
µ¿,mine,AFRICA,South Africa,ÃµÅæ,114.772,88.8,80.821,78.697,77.36,65.257,65.532,46.9,52.501,29.068,28.307,25.132
µ¿,mine,AFRICA,Tanzania,ÃµÅæ,6.748,8.841,15.029,16.381,16.796,7.366,5.85,0,0,0,0,0
µ¿,mine,AFRICA,Zambia,ÃµÅæ,739.8,700,751.6,755.8,725.348,737.999,794.1,854.1,789.942,869.063,880.8,880.8
µ¿,mine,AFRICA,Zimbabwe,ÃµÅæ,6.555,6.665,8.284,8.261,8.218,9.101,8.839,9.078,8.731,7.933,8.649,9.582
µ¿,mine,ASIA,Armenia,ÃµÅæ,33.598,41.22,48.89,46.799,51.79,95.187,95.813,68.908,92,90.153,90.154,73.82
µ¿,mine,ASIA,Azerbaijan,ÃµÅæ,0.611,0.502,0.329,0.675,0.969,1.947,2.063,1.645,2.213,2.718,2.649,2.516
µ¿,mine,ASIA,China,ÃµÅæ,1294.747,1551.5,1681.304,1741.2,1667.142,1850.672,1656.404,1506.638,1601.318,1673.338,1740.6,1665.6
µ¿,mine,ASIA,Cyprus,ÃµÅæ,3.741,4.358,3.574,3.06,2.108,1.841,1.352,0.904,0.703,0,0,0
µ¿,mine,ASIA,India,ÃµÅæ,36.37,34.37,39.46,36,28.488,32.761,32.999,40.75,42.19,31.65,41.77,30.06
µ¿,mine,ASIA,Indonesia,ÃµÅæ,542.964,398.114,493.962,366.049,580.146,695.855,666.336,651.1,400.235,491.863,730.91,835.693
µ¿,mine,ASIA,Iran,ÃµÅæ,258.934,245.198,222.7,212.142,243.096,278.468,292.359,311.426,307.326,309.206,315.911,301.712
µ¿,mine,ASIA,Japan,ÃµÅæ,0,0,0,0,0,0,0,0,0,0,0,0
µ¿,mine,ASIA,Kazakhstan,ÃµÅæ,433.399,490.834,538.034,500.647,566.065,595.78,745.182,620.612,710.815,721.479,740.915,807.28
µ¿,mine,ASIA,Kyrgyzstan,ÃµÅæ,0,0,0,0.7,3.1,8.3,8,7.6,7.3,5.1,6.1,6
µ¿,mine,ASIA,Laos,ÃµÅæ,138.756,149.58,154.915,159.695,167.742,167.677,153.304,150.88,141.285,91.3,92.385,99.656
µ¿,mine,ASIA,Malaysia,ÃµÅæ,0,0,0,0,0,0,0,0,0,0,0,0
µ¿,mine,ASIA,Mongolia,ÃµÅæ,123.978,123.942,189.001,251.332,326.735,352.514,319.786,320.176,306.464,307.363,319.422,287.577
µ¿,mine,ASIA,Myanmar,ÃµÅæ,12,17.995,17.7,31.314,44.85,63.085,86.166,127.575,121.891,161.193,157.2,157.2
µ¿,mine,ASIA,North Korea,ÃµÅæ,7.035,6.65,8.357,9.641,10.707,15.692,2.187,2.16,2.16,1.86,1.8,1.8
µ¿,mine,ASIA,Oman,ÃµÅæ,20.765,19.694,9.128,12.068,6.406,0,0,0,0,0,0,0
µ¿,mine,ASIA,Pakistan,ÃµÅæ,20.6,19.2,13.5,13.1,13.1,14.1,10.1,12.5,13,13.2,13.2,13.2
µ¿,mine,ASIA,Philippines,ÃµÅæ,63.834,65.444,90.861,92.443,83.835,83.64,68.157,69.933,71.892,60.856,51.586,59.079
µ¿,mine,ASIA,Saudi Arabia,ÃµÅæ,2.425,1.21,7.952,8.667,12.3,27.8,43,57.297,66.875,75.44,76.348,75.441
µ¿,mine,ASIA,South Korea,ÃµÅæ,0,0,0,0,0,0,0,0,0,0,0,0
µ¿,mine,ASIA,Turkey,ÃµÅæ,92.458,104.297,120.51,123.148,108,100,83,79.6,107.829,106.298,108.053,108
µ¿,mine,ASIA,Uzbekistan,ÃµÅæ,80,80,100,100,130,135,140.1,141.2,0,142.8,142.8,142.8
µ¿,mine,ASIA,Vietnam,ÃµÅæ,11.9,12.716,12.275,20.3,22.6,22.6,21.4,15.97,21.214,28.933,21.6,21.6
µ¿,mine,AMERICA,Argentina,ÃµÅæ,116.698,135.743,109.6,102.6,61.81,81.9,33.3,17.4,0,0,0,0
µ¿,mine,AMERICA,Bolivia,ÃµÅæ,3.037,8.652,7.549,10.746,9.479,8.721,7.129,5.216,4.478,2.822,3.31,3.473
µ¿,mine,AMERICA,Brazil,ÃµÅæ,213.76,223.141,270.979,298.089,359.848,337.628,384.542,385.787,363.268,352.635,335.761,284.481
µ¿,mine,AMERICA,Canada,ÃµÅæ,568.8,580.1,652.596,672.729,714.646,696.509,597.192,548.011,560.8,584.6,541.648,507.502
µ¿,mine,AMERICA,Chile,ÃµÅæ,5262.8,5433.9,5776,5761.1,5772.1,5552.6,5503.5,5831.6,5787.4,5733.1,5624.9,5330.5
µ¿,mine,AMERICA,Colombia,ÃµÅæ,1.011,1.533,0.774,4.116,5.463,8.494,9.356,9.918,7.641,9.374,8.311,6.914
µ¿,mine,AMERICA,Cuba,ÃµÅæ,0,0,0,0,0,0,0,0,0,0,0,0
µ¿,mine,AMERICA,Dominican Republic,ÃµÅæ,11.747,11.505,10.354,9.1,7.305,9.725,9.618,8.6,6,2.3,2.4,2.4
µ¿,mine,AMERICA,Ecuador,ÃµÅæ,1.36,1.793,2.574,3.214,0.305,2.261,6.441,5.53,6.33,26.998,62.887,93.6
µ¿,mine,AMERICA,Mexico,ÃµÅæ,443.621,500.275,480.124,526.641,607.926,766.129,742.246,751.005,769.651,749.663,734.137,732.778
µ¿,mine,AMERICA,Panama,ÃµÅæ,0,0,0,0,0,0,0,0,147.48,205.548,331,352.586
µ¿,mine,AMERICA,Peru,ÃµÅæ,1235.345,1298.745,1375.641,1377.643,1700.816,2353.859,2445.585,2436.951,2455.44,2153.952,2299.278,2438.63
µ¿,mine,AMERICA,U.S.A.,ÃµÅæ,1110,1170.3,1240.12,1383,1416,1431,1257.5,1216.1,1256.7,1223.9,1233,1232.4
µ¿,mine,OCEANIA,Australia,ÃµÅæ,960,960.649,1001,978.534,995.882,947.555,849.12,910.896,925.157,879.522,822.924,804.58
µ¿,mine,OCEANIA,Papua New Guinea,ÃµÅæ,130.456,125.325,105.483,75.902,45.2,80,104.978,96.3,99.4,82.8,63.2,62.7
µ¿,refined,EUROPE,Austria,ÃµÅæ,112.612,113.578,82.842,83.189,102.859,103.216,109.823,107.21,128.207,132.019,133.482,107.862
µ¿,refined,EUROPE,Belgium,ÃµÅæ,393.6,397.1,389.4,386.5,378.597,366.731,398.936,390.238,356.63,321.352,410.042,403.788
µ¿,refined,EUROPE,Bulgaria,ÃµÅæ,226,226,230,234,230,216,229,224,207,225,219,228
µ¿,refined,EUROPE,Finland,ÃµÅæ,122.136,125.532,125.087,140.605,138.896,129.055,133.198,139.087,120.37,145.867,151.307,138.829
µ¿,refined,EUROPE,Germany,ÃµÅæ,708.8,682.1,666.9,672.8,678.2,671.5,694.9,670,600.2,643,621.6,621.6
µ¿,refined,EUROPE,Italy,ÃµÅæ,7.6,7.7,5,7.9,7.3,6.6,8.7,7.2,9.8,15,15.4,15.4
µ¿,refined,EUROPE,Macedonia,ÃµÅæ,0,1.083,1.914,1.453,2.268,1.396,0.958,0.768,0.719,0.722,0.72,0.72
µ¿,refined,EUROPE,Norway,ÃµÅæ,36.292,37.891,37.5,35.8,35.5,28.1,22.7,20.6,22,20.5,20.1,18.5
µ¿,refined,EUROPE,Poland,ÃµÅæ,571.1,565.834,565.1,576.9,574.4,535.7,522,501.9,565.5,560.4,577.5,586.007
µ¿,refined,EUROPE,Romania,ÃµÅæ,0,0,0,0,0,0,0,0,0,0,0,0
µ¿,refined,EUROPE,Russia,ÃµÅæ,912,890.9,874.9,894,876.2,867.3,948.6,1019.8,1027.7,1041.7,1041.6,1041.6
µ¿,refined,EUROPE,Serbia,ÃµÅæ,28.449,34.702,35.84,31.185,46.525,62.335,69.221,67.228,83.456,70.911,65.994,25.901
µ¿,refined,EUROPE,Spain,ÃµÅæ,353.841,407.912,351.004,427.992,426.051,429.404,415.243,423.833,386.658,399.656,361.497,293.754
µ¿,refined,EUROPE,Sweden,ÃµÅæ,219.316,214.05,206.193,217.337,206.059,207.22,219.462,224.487,201.345,225.987,223.038,217.779
µ¿,refined,EUROPE,Ukraine,ÃµÅæ,23.378,24.039,16.536,15.176,18.511,27.148,30.639,27.091,26.137,22.211,26.565,26.4
µ¿,refined,AFRICA,Democratic Rep. Congo,ÃµÅæ,349.45,453.432,642.633,742,792.806,707.233,698.922,821.09,842.064,850,849.996,850
µ¿,refined,AFRICA,Egypt,ÃµÅæ,4,4,4,3.999,3.997,3.996,3.987,3.96,3.96,3.96,3.96,3.96
µ¿,refined,AFRICA,South Africa,ÃµÅæ,78.466,78.057,75.353,57.666,64.418,53.878,66.197,43.891,35.648,21.84,20.432,20.198
µ¿,refined,AFRICA,Zambia,ÃµÅæ,516.4,530.2,523,499.4,495.6,426.4,466.2,458.2,264.5,378.4,378.398,378.396
µ¿,refined,AFRICA,Zimbabwe,ÃµÅæ,4.4,6,6,0,0,0,0,0,0,0,0,0
µ¿,refined,ASIA,China,ÃµÅæ,5163.063,5879.077,6667.104,7649.054,7963.565,8436.274,8889.487,8949.486,9446.997,10021.359,10487.457,11216
µ¿,refined,ASIA,Cyprus,ÃµÅæ,3.741,4.358,3.574,3.06,2.108,1.841,1.352,0.904,0.703,0,0,0
µ¿,refined,ASIA,India,ÃµÅæ,661.595,689.312,619.413,764.488,791.863,768.222,844.936,555.189,427.429,340.005,491.194,542
µ¿,refined,ASIA,Indonesia,ÃµÅæ,274.925,188.589,214.287,244.972,199.645,253.501,270.94,274.627,258.031,288.95,272.93,284.386
µ¿,refined,ASIA,Iran,ÃµÅæ,228.339,226.455,189.322,194.953,184.473,159.699,137.877,208.595,234.697,248.764,262.674,261.886
µ¿,refined,ASIA,Japan,ÃµÅæ,1328.29,1516.354,1468.123,1554.224,1483.131,1553.021,1488.08,1594.517,1495.359,1583.1,1516.684,1556.452
µ¿,refined,ASIA,Kazakhstan,ÃµÅæ,338.542,369.533,353.502,297.463,396.558,412.849,429.135,442.564,477.011,482.942,401.883,402
µ¿,refined,ASIA,Kyrgyzstan,ÃµÅæ,0,0,0,0,2.45,3,3,3,3,3,3,3
µ¿,refined,ASIA,Laos,ÃµÅæ,78.86,86.295,90.03,88.54,89.292,78.49,62.94,71.268,71.651,39.732,39.6,39.6
µ¿,refined,ASIA,Mongolia,ÃµÅæ,2.388,2.282,2.346,2.132,14.99,15.156,14.614,14.17,11.757,9.48,9.691,9.837
µ¿,refined,ASIA,Myanmar,ÃµÅæ,12,19,9.8,22.5,39.346,60.891,85.829,126.901,121.891,161.193,157.2,157.2
µ¿,refined,ASIA,North Korea,ÃµÅæ,15,15,15,0,0,0,0,0,0,0,0,0
µ¿,refined,ASIA,Oman,ÃµÅæ,7.5,0.6,20.1,21,26.526,11.323,5.089,6.027,0,0,0,0
µ¿,refined,ASIA,Philippines,ÃµÅæ,164.1,98.4,155.7,130,153,185.1,207.704,165.2,162.881,209.368,205.494,178.166
µ¿,refined,ASIA,South Korea,ÃµÅæ,593.48,590,604,603.793,594.715,607.232,663.604,664.995,638.385,637.858,597.142,596.184
µ¿,refined,ASIA,Turkey,ÃµÅæ,86.4,86,75,71.3,84,52.4,95,126.3,116,126.1,126.1,126.099
µ¿,refined,ASIA,Uzbekistan,ÃµÅæ,90,90,85.2,99.6,100,100,100,117,147.3,148,147.998,148.003
µ¿,refined,ASIA,Vietnam,ÃµÅæ,8,9,6.9,18.352,11.3,11.6,15.774,15.133,19.2,19.2,19.2,19.2
µ¿,refined,AMERICA,Argentina,ÃµÅæ,13,13,14,13,13.996,14.004,14.1,14.4,14.4,12.4,12,12
µ¿,refined,AMERICA,Bolivia,ÃµÅæ,1.135,1,1.262,1.829,1.792,2.198,2.178,3.278,3.098,1.755,1.696,1.311
µ¿,refined,AMERICA,Brazil,ÃµÅæ,222.55,186,234.15,240.3,241.469,225.558,143.1,147.137,175.242,54.269,26.684,20.948
µ¿,refined,AMERICA,Canada,ÃµÅæ,273.76,275.99,321.511,325.352,330.901,314.324,321,291.301,280.603,276.1,287.506,278.834
µ¿,refined,AMERICA,Chile,ÃµÅæ,3092.4,2902,2754.9,2729.4,2688.4,2612.5,2429.5,2461.2,2269.1,2329.3,2274,2149.2
µ¿,refined,AMERICA,Mexico,ÃµÅæ,399.418,374.062,350.08,397.7,465.821,473.805,410.737,421.607,448.013,411.994,377.786,351.656
µ¿,refined,AMERICA,Peru,ÃµÅæ,367.556,311.292,361.452,347.395,353.033,331.328,335.334,336.798,307.952,323.579,324,324
µ¿,refined,AMERICA,U.S.A.,ÃµÅæ,1031.47,1001.4,1040,1094.6,1140.5,1221.3,1078.9,1111.1,1030,917.5,970.8,972
µ¿,refined,OCEANIA,Australia,ÃµÅæ,477,476.775,457.016,511.252,474.963,474.954,386.249,377.036,426.739,426.997,384.75,393.561
±Ý,mine,EUROPE,Armenia,ÃµÅæ,1.056,0.9,2.327,3.618,2.911,4.001,4.47,5.011,6.109,6,6,6
±Ý,mine,EUROPE,Bulgaria,ÃµÅæ,5.302,7.058,7.385,7.899,7.914,7.918,8.682,8.995,7.982,9.349,9.433,9.071
±Ý,mine,EUROPE,Finland,ÃµÅæ,6.674,9.1,8.66,8.085,8.342,8.865,9.102,8.732,7.927,8.668,9.082,9.115
±Ý,mine,EUROPE,Georgia,ÃµÅæ,3.1,3.1,4.3,2.3,3.1,3.12,3.12,3.12,4.052,4.768,4.8,4.8
±Ý,mine,EUROPE,Greece,ÃµÅæ,0,0.026,0.822,2.328,1.605,0.94,0.575,1.454,1.163,1.817,1.729,1.872
±Ý,mine,EUROPE,Hungary,ÃµÅæ,0,0,0,0,0,0,0,0,0,0,0,0
±Ý,mine,EUROPE,Italy,ÃµÅæ,0,0,0,0,0,0,0,0,0,0,0,0
±Ý,mine,EUROPE,Romania,ÃµÅæ,0.5,0.5,0.5,0.5,0.5,0.5,0.5,0.5,0.5,0.5,0.5,0.5
±Ý,mine,EUROPE,Russia,ÃµÅæ,185.263,182.58,229.982,249.065,255.2,253.58,270.3,279.85,305.05,308.56,308.56,308.56
±Ý,mine,EUROPE,Serbia,ÃµÅæ,1.534,1.4,1.154,1.31,1.186,0.805,1.199,0.839,1.452,1.55,1.56,1.56
±Ý,mine,EUROPE,Spain,ÃµÅæ,0.216,1.529,1.994,1.942,2.128,1.291,1.605,1.991,1.913,1.602,1.4,1.359
±Ý,mine,EUROPE,Sweden,ÃµÅæ,5.994,6.015,6.53,6.849,4.502,6.463,7.858,7.866,7.972,8.166,7.283,7.186
±Ý,mine,EUROPE,Other Europe,ÃµÅæ,1.408,1.87,1.86,1.86,1.86,0.594,2.039,1.852,1.646,1.723,1.652,1.642
±Ý,mine,AFRICA,Botswana,ÃµÅæ,1.562,1.522,1.206,0.958,0.756,0.833,0.913,1.105,0.943,0.852,0.659,0.572
±Ý,mine,AFRICA,Burkina Faso,ÃµÅæ,31.766,28.9,33.713,37.2,36.54,38.52,46.436,53.234,51.406,58.375,58.923,57.6
±Ý,mine,AFRICA,Democratic Republic Congo,ÃµÅæ,10,17,18,36,31.79,30.664,31.586,36.777,34.657,31.501,25.263,32.338
±Ý,mine,AFRICA,Egypt,ÃµÅæ,6.305,8.179,11.102,11.734,13.657,17.139,16.941,14.694,14.946,14.069,12.919,13.716
±Ý,mine,AFRICA,Eritrea,ÃµÅæ,11.787,9.735,2.863,0.905,1.39,1.4,2.633,3.768,2.44,3.02,3,3
±Ý,mine,AFRICA,Ethiopia,ÃµÅæ,0,0,13.05,10.34,9.37,8.573,5.39,3.495,3.299,7.5,7.5,7.5
±Ý,mine,AFRICA,Ghana,ÃµÅæ,87.603,98.582,94.751,137.09,130.424,128.502,131.332,149.057,142.38,125.265,117.6,88.2
±Ý,mine,AFRICA,Guinea,ÃµÅæ,23.746,15.654,18.139,22.967,21.457,29.192,46.847,25.823,27.708,13.336,17.941,23.125
±Ý,mine,AFRICA,Ivory Coast,ÃµÅæ,11.053,11.297,12.951,17.381,23.46,25.055,26.396,24.488,32.568,20.907,24.18,27.034
±Ý,mine,AFRICA,Liberia,ÃµÅæ,0,0,0,0.62,0.294,4.704,6.071,7.289,4.803,4.397,7.86,10.864
±Ý,mine,AFRICA,Mali,ÃµÅæ,36.174,40.884,41.392,45,50.503,46.903,49.622,60.893,66.793,71.2,73.107,71.147
±Ý,mine,AFRICA,Mauritania,ÃµÅæ,8.197,7.647,9.518,9.625,8.804,7.127,9.096,9.236,13.554,14.125,6.502,17.711
±Ý,mine,AFRICA,Namibia,ÃµÅæ,0,0,0,2.139,6.213,6.738,7.293,6.458,6.49,6.471,6.85,6.796
±Ý,mine,AFRICA,Niger,ÃµÅæ,1.846,1.677,1.151,0.732,1.22,0.999,0.914,6.208,5.224,2.361,1.777,1.8
±Ý,mine,AFRICA,Senegal,ÃµÅæ,4.125,6.665,6.445,6.588,5.67,6.741,7.255,12.507,12.987,12.408,15.86,14.626
±Ý,mine,AFRICA,Sierra Leone,ÃµÅæ,0.166,0.125,0.097,0.043,0.087,0.188,0.143,0.464,0.076,0.12,0.06,0.06
±Ý,mine,AFRICA,South Africa,ÃµÅæ,186.677,154.18,168.98,151.622,144.504,142.202,137.29,117.144,105.185,95.887,105.019,89.92
±Ý,mine,AFRICA,Sudan,ÃµÅæ,2.208,46.133,70,73.3,82.4,93.4,107.3,93.6,57.7,100,93.6,93.6
±Ý,mine,AFRICA,Tanzania,ÃµÅæ,37.085,39.012,42.534,40.481,43.293,45.155,43.49,39.304,48.408,55.508,53.154,53.928
±Ý,mine,AFRICA,Zambia,ÃµÅæ,3.493,4.231,5.207,4.803,4.238,4.61,4.373,4.044,4.522,3.994,4.019,3.409
±Ý,mine,AFRICA,Zimbabwe,ÃµÅæ,12.994,14.742,14.001,15.386,20.023,22.747,26.495,35.054,29.429,20.873,29.472,37.2
±Ý,mine,AFRICA,Other Africa,ÃµÅæ,51.993,53.778,58.56,58.56,58.56,23.51,31.905,15.694,14.996,14.683,14.996,15
±Ý,mine,ASIA,Azerbaijan,ÃµÅæ,1.775,1.563,1.619,1.873,2.229,1.895,3.667,3.476,3.712,3.571,3.314,3.181
±Ý,mine,ASIA,China,ÃµÅæ,360.96,403.06,428.163,451.799,450.053,453.486,426.142,401.119,380.23,365.34,328.98,372.05
±Ý,mine,ASIA,India,ÃµÅæ,2.342,1.734,1.438,1.566,1.37,1.551,1.496,1.548,1.896,1.757,1.221,1.302
±Ý,mine,ASIA,Indonesia,ÃµÅæ,76.763,69.291,59.804,69.023,92.339,80.868,99.03,111.868,108.69,86.376,102.611,115.924
±Ý,mine,ASIA,Japan,ÃµÅæ,8.691,7.233,7.411,7.114,7.699,6.455,6.372,6.453,7.058,7.589,6.226,5.045
±Ý,mine,ASIA,Kazakhstan,ÃµÅæ,36.846,40.006,42.552,50.339,63.72,74.626,85.348,97.429,103.063,118.104,114.69,129.624
±Ý,mine,ASIA,Kyrgyzstan,ÃµÅæ,18.94,10.606,19.298,17.922,17.015,18.561,19.336,17.862,19.938,18.246,5.568,1.101
±Ý,mine,ASIA,Laos,ÃµÅæ,3.898,6.414,6.837,5.265,6.893,6.765,5.988,5.598,5.208,4.492,3.94,4.369
±Ý,mine,ASIA,Malaysia,ÃµÅæ,4.219,4.625,3.823,4.308,4.732,2.15,2.125,2.977,4.598,1.716,1.795,1.991
±Ý,mine,ASIA,Mongolia,ÃµÅæ,5.703,5.995,8.904,19.967,20.828,18.436,19.849,20.655,16.251,20.226,19.222,19.742
±Ý,mine,ASIA,North Korea,ÃµÅæ,0,0,0,0,0,0,0,0,0,0,0,0
±Ý,mine,ASIA,Philippines,ÃµÅæ,31.12,14.596,17.248,18.423,21.314,23.052,22.749,20.765,20.646,17.424,18.392,28.736
±Ý,mine,ASIA,Saudi Arabia,ÃµÅæ,4.612,4.977,4.158,4.793,5.089,7.01,10.334,12.908,12.379,12.721,10.238,9.959
±Ý,mine,ASIA,South Korea,ÃµÅæ,0.05,0.019,0.413,0.283,0.269,0.205,0.287,0.239,0.181,0.188,0.18,0.18
±Ý,mine,ASIA,Tajikistan,ÃµÅæ,2.24,2.401,2.675,3.436,4.4,5,5.5,6.432,8.1,8.764,6.4,6.4
±Ý,mine,ASIA,Thailand,ÃµÅæ,2.284,4.289,4.451,4.576,3.305,4.293,0,0,0,0,0,0
±Ý,mine,ASIA,Turkey,ÃµÅæ,23.248,28.537,33.98,31.26,27.5,24.03,23.09,27.1,38,42.1,42,42
±Ý,mine,ASIA,Uzbekistan,ÃµÅæ,91,93,98,102,103,89,89.9,92.7,93,100,100,100
±Ý,mine,ASIA,Other Asia,ÃµÅæ,4.14,4.119,4.14,4.14,4.14,1.446,1.624,0.234,0.235,0,0.228,0.228
±Ý,mine,AMERICA,Argentina,ÃµÅæ,59.14,54.651,52.486,60.17,61.31,56.998,60.956,58.375,53.092,35,35,35
±Ý,mine,AMERICA,Bolivia,ÃµÅæ,6.513,7.047,18.127,24.803,12.81,12.811,24.899,29.976,42.04,23.207,45.662,56.388
±Ý,mine,AMERICA,Brazil,ÃµÅæ,65.209,66.773,79.573,81.038,76.867,94.153,79.717,85.198,75.226,62.906,62.4,92.4
±Ý,mine,AMERICA,Canada,ÃµÅæ,100.38,105.271,133.636,152.46,162.504,163.888,171.111,194.155,190.542,186.564,187.008,192.357
±Ý,mine,AMERICA,Chile,ÃµÅæ,45.137,49.936,51.309,46.031,42.501,46.333,37.911,37.066,38.455,33.895,33.571,30.093
±Ý,mine,AMERICA,Colombia,ÃµÅæ,55.907,66.22,55.98,57.9,59.638,63.157,43.128,35.905,37.476,47.635,43.686,34.8
±Ý,mine,AMERICA,Dominican Republic,ÃµÅæ,0.495,3.379,26.452,35.081,31.488,37.933,35.243,31.633,31.872,28.318,25.222,22.172
±Ý,mine,AMERICA,Ecuador,ÃµÅæ,4.923,5.139,8.676,7.323,7.723,6.761,6.368,8.213,6.293,9.086,9.6,9.6
±Ý,mine,AMERICA,Guatemala,ÃµÅæ,11.894,6.449,6.386,5.928,5.61,3.91,1.647,0,0,0,0,0
±Ý,mine,AMERICA,Guyana,ÃµÅæ,11.293,13.644,14.963,12.053,14.029,22.168,20.334,19.167,19.963,18.21,15.524,13.414
±Ý,mine,AMERICA,Honduras,ÃµÅæ,1.894,1.771,1.985,2.762,2.598,2.607,2.559,2.064,1.816,1.891,2.75,1.982
±Ý,mine,AMERICA,Mexico,ÃµÅæ,88.65,102.803,119.775,117.771,123.364,132.408,126.82,118.359,108.985,101.631,124.506,124.139
±Ý,mine,AMERICA,Nicaragua,ÃµÅæ,6.368,6.86,8.611,8.237,7.612,8.391,7.367,7.703,9.19,7.936,8.4,12
±Ý,mine,AMERICA,Panama,ÃµÅæ,0,0,0,0,0,0,0,0,1.869,2.633,4.405,4.355
±Ý,mine,AMERICA,Peru,ÃµÅæ,164.013,161.764,151.339,140.097,146.823,153.006,151.964,140.211,128.413,84.639,96.585,96.733
±Ý,mine,AMERICA,Surinam,ÃµÅæ,12.628,12.503,11.001,10.64,9.397,12.926,25.844,26.005,24.516,21.214,18.634,19.738
±Ý,mine,AMERICA,Uruguay,ÃµÅæ,1.701,1.882,2.091,1.715,1.413,0.993,1.062,0.465,0,0,0,0
±Ý,mine,AMERICA,U.S.A.,ÃµÅæ,234,234.9,229.703,210.077,213.808,232.23,236.778,225.528,200.37,193.4,181.8,169.6
±Ý,mine,AMERICA,Venezuela,ÃµÅæ,7,6.96,1.675,1.056,0.558,0.558,0.48,0.48,0.48,0.48,0.48,0.48
±Ý,mine,AMERICA,Other America,ÃµÅæ,4.127,3.671,3.66,3.66,3.66,0.75,4.255,5.2,4.5,0.6,4.5,4.5
±Ý,mine,OCEANIA,Australia,ÃµÅæ,258,252.2,267.008,271.856,277.372,290.767,292.022,313.028,326.303,327.889,315.051,310.716
±Ý,mine,OCEANIA,Fiji,ÃµÅæ,1.569,1.44,1.218,1.198,1.368,1.5,1.425,1.281,1.106,1.09,1.107,0.793
±Ý,mine,OCEANIA,New Zealand,ÃµÅæ,11.76,10.049,12.468,11.989,12.687,9.866,10.288,10.045,8.217,5.86,6.003,5.625
±Ý,mine,OCEANIA,Papua New Guinea,ÃµÅæ,62.271,57.616,63.479,56.279,57.64,61.952,65.246,67.562,74.386,52.5,44.9,40.4
±Ý,mine,OCEANIA,Other Oceania,ÃµÅæ,1.589,1.886,1.682,0.488,0.6,0.6,0.6,0.6,0.6,0.6,0.6,0.6
¿¬,mine,EUROPE,Bosnia,ÃµÅæ,3.657,3.3,6.2,6.202,6.702,6.8,6.704,7.102,6.63,7.1,5.663,6.313
¿¬,mine,EUROPE,Bulgaria,ÃµÅæ,14.654,13.171,16.914,16.372,18.68,23.613,21.1,22.1,23.5,19.5,26.422,25.462
¿¬,mine,EUROPE,Greece,ÃµÅæ,13.425,13.343,15.537,14.508,12.6,14.3,12.61,14.717,13.606,20.052,16.769,10.1
¿¬,mine,EUROPE,Ireland,ÃµÅæ,50.754,47.364,42.935,40.458,31.276,19.343,17.1,16.7,16.053,14.4,13.192,14.181
¿¬,mine,EUROPE,Kosovo,ÃµÅæ,7.1,6.2,8.604,7.756,5.546,6.512,5.591,4.704,4.624,4.7,4.751,4.608
¿¬,mine,EUROPE,Macedonia,ÃµÅæ,37.295,39.183,42.826,43.81,37.922,31.034,39.9,41.902,43.491,45,43.536,42.253
¿¬,mine,EUROPE,Montenegro,ÃµÅæ,1.222,1.467,1.744,2.468,2.168,3.212,3.059,3.864,3.601,3.176,6.198,0
¿¬,mine,EUROPE,Poland,ÃµÅæ,48,47,43,43,42,37,36,38,45.1,45,42.84,31.7
¿¬,mine,EUROPE,Portugal,ÃµÅæ,0,0.087,1.496,3.192,3.077,4.126,5.164,18.392,27.9,28.2,29.257,22.302
¿¬,mine,EUROPE,Romania,ÃµÅæ,2.976,5.525,0.815,0.687,0.249,0,0,0,0,0,0,0
¿¬,mine,EUROPE,Russia,ÃµÅæ,119,151,162.2,196,180,204.3,204.7,206.1,207.9,200,202.986,200.2
¿¬,mine,EUROPE,Serbia,ÃµÅæ,2.067,2.5,3.079,3.7,3.3,3.5,3.247,3.195,5.734,5.4,5.399,5.437
¿¬,mine,EUROPE,Spain,ÃµÅæ,5.7,6.778,6.428,1.428,7.733,4.9,3.3,9.9,11.4,11.6,11.8,8.5
¿¬,mine,EUROPE,Sweden,ÃµÅæ,62.029,63.551,59.556,70.866,79.354,75.8,71.1,64.7,68.6,65.402,65.712,79.706
¿¬,mine,EUROPE,United Kingdom,ÃµÅæ,0.3,0.3,0.1,0.1,0.104,0.108,0.108,0.108,0.2,0.1,0.1,0.096
¿¬,mine,AFRICA,Burkina Faso,ÃµÅæ,0,0,2.2,1.947,2,2.2,0,0,0,0,0,0
¿¬,mine,AFRICA,Democratic Republic Congo,ÃµÅæ,0,0.8,0.6,0.8,0.7,0.1,0.098,0.12,0.12,0.12,0.12,0
¿¬,mine,AFRICA,Morocco,ÃµÅæ,30.835,27.526,30.765,27.456,32.384,28.7,38,30.4,32.8,39.9,42.275,40.838
¿¬,mine,AFRICA,Namibia,ÃµÅæ,8.3,9.2,11.2,11.7,9.7,6.6,9.804,4.23,3.97,9.1,9.055,8.478
¿¬,mine,AFRICA,Nigeria,ÃµÅæ,7,11.278,11.451,11.389,8,13.201,21.034,18.013,23,20,21.76,54.005
¿¬,mine,AFRICA,Senegal,ÃµÅæ,0.556,0,0,0,0,0,0,0,0,0,0,0
¿¬,mine,AFRICA,South Africa,ÃµÅæ,54.46,52.489,41.848,29.348,34.573,39.344,48.15,35.118,42.936,28.048,31.224,40.559
¿¬,mine,ASIA,China,ÃµÅæ,2405.697,2613.2,2696.5,2608.6,2335,2337.5,1852.228,1892.173,1787.408,1970,2000,3165.813
¿¬,mine,ASIA,India,ÃµÅæ,104.6,116.75,105.8,105.3,119.9,139,175.866,184.59,201,248.331,215.069,215.933
¿¬,mine,ASIA,Indonesia,ÃµÅæ,9,3,6.2,4.7,5.5,5.3,7.9,11.375,10.8,7.6,7.658,9.75
¿¬,mine,ASIA,Iran,ÃµÅæ,40,45,42,44,40.8,47,48,49.6,50,70,70,69.8
¿¬,mine,ASIA,Japan,ÃµÅæ,0,0,0,0,0,0,0,0,0,0,0,0
¿¬,mine,ASIA,Kazakhstan,ÃµÅæ,38.8,38.5,40.8,37.8,41.4,70.5,112.2,86.5,55.7,30.2,29.9,30.1
¿¬,mine,ASIA,Laos,ÃµÅæ,1.36,0.164,1.621,0.093,0.37,0.205,0.661,0.332,0.25,0.094,0.169,2.124
¿¬,mine,ASIA,Myanmar,ÃµÅæ,8.7,9.8,11.7,18,13.6,15,14.9,38.2,37.8,30,25.4,15.4
¿¬,mine,ASIA,North Korea,ÃµÅæ,28.507,38.387,32.455,32.818,31.684,32.116,32.62,30,25,25,25,25
¿¬,mine,ASIA,Pakistan,ÃµÅæ,0.9,0.8,0.316,0.165,0.13,0.997,2.539,4.018,8.088,7.094,7.277,7.34
¿¬,mine,ASIA,Saudi Arabia,ÃµÅæ,0.55,0,0,0,0,0,0,0,0,0,0,0
¿¬,mine,ASIA,South Korea,ÃµÅæ,2.577,1.834,2.5,3.592,2.921,2.836,3.76,2.34,1.932,1.681,1.528,1.526
¿¬,mine,ASIA,Tajikistan,ÃµÅæ,9.392,16,17,28,42.379,62.987,61.1,52.99,65.57,55,56,52.878
¿¬,mine,ASIA,Turkey,ÃµÅæ,39.55,54.332,76.6,62.2,75.9,64.66,74.963,75.989,71.5,75,93.7,81.653
¿¬,mine,ASIA,Vietnam,ÃµÅæ,6.391,0.4,1.9,2.8,1.9,0.8,4.5,14.5,12.5,14,16.404,12.859
¿¬,mine,AMERICA,Argentina,ÃµÅæ,26.074,26.475,28.7,29.9,29.834,28,40.1,28.3,29.8,13.1,17.1,17.1
¿¬,mine,AMERICA,Bolivia,ÃµÅæ,100.051,81.095,82.13,75.572,75.273,89.51,111.468,112.139,88,64.619,92.767,87.568
¿¬,mine,AMERICA,Brazil,ÃµÅæ,8.545,8.922,8.02,10.978,10,9,7,7.583,5.7,5.3,6.3,7.5
¿¬,mine,AMERICA,Canada,ÃµÅæ,67.506,64.115,20.678,3.617,3.809,12,20.477,17.874,22.608,4,17.8,17.2
¿¬,mine,AMERICA,Chile,ÃµÅæ,0.841,0.41,1.829,2.678,2.979,1.11,1.562,0.712,0,1.386,0.382,0.374
¿¬,mine,AMERICA,Cuba,ÃµÅæ,0,0,0,0,0,0,0,0,35,30,30,30
¿¬,mine,AMERICA,Guatemala,ÃµÅæ,0,0.001,1.09,9.131,10.2,9.969,5.375,0,0,0,0.7,0.702
¿¬,mine,AMERICA,Honduras,ÃµÅæ,4.9,12.4,11.6,15.5,9.8,4,6.76,9.896,12.308,6.1,6,5.304
¿¬,mine,AMERICA,Mexico,ÃµÅæ,223.717,238.091,253.361,250.462,260.798,241.271,241.2,235.395,259.457,260.39,272.231,271.155
¿¬,mine,AMERICA,Peru,ÃµÅæ,230.019,249.183,266.472,278.486,315.784,314.421,306.794,289.1,308.116,241.548,264.124,255.333
¿¬,mine,AMERICA,U.S.A.,ÃµÅæ,334.095,336.061,342.583,380.877,372.596,341.548,312.567,280.482,274,290.003,296.008,270.133
¿¬,mine,OCEANIA,Australia,ÃµÅæ,621,620.6,711,728,654,440,395,446,501.1,494.3,485.491,444.264
¿¬,refined,EUROPE,Austria,ÃµÅæ,26.2,24.5,25,25.1,24.4,25,27,27,27,27,27,27
¿¬,refined,EUROPE,Belgium,ÃµÅæ,118.8,119,129,132,130,142.1,136,138,140.1,100.1,122,127.2
¿¬,refined,EUROPE,Belarus,ÃµÅæ,0,0,0,0,8,15,12,10,8,7.7,3.5,3.5
¿¬,refined,EUROPE,Bulgaria,ÃµÅæ,72.22,86.156,90.742,93.394,96.889,100.816,103.105,102.7,102.5,106.145,104.494,82.037
¿¬,refined,EUROPE,Czech Republic,ÃµÅæ,38,41,42,44,43,43,43,43,43,42,42,42
¿¬,refined,EUROPE,Estonia,ÃµÅæ,12.1,12.022,10.58,8.5,8.328,8.348,9.6,7.4,8.209,9.9,10,12
¿¬,refined,EUROPE,France,ÃµÅæ,80,83,71,72,72,70,70,70,70,60,70,69.7
¿¬,refined,EUROPE,Germany,ÃµÅæ,429.105,426.397,400.035,379.603,377.6,343.3,356.4,313,332.3,327,310,309.8
¿¬,refined,EUROPE,Greece,ÃµÅæ,7,6,7,18,24,28,28,30,30,28,29,40
¿¬,refined,EUROPE,Ireland,ÃµÅæ,18,17,17,17.2,18,18,17.5,15,16,12,14,13.6
¿¬,refined,EUROPE,Italy,ÃµÅæ,149.5,138.4,179.7,209.6,209.9,187.2,173.7,167.5,159.1,152.7,158.3,158.348
¿¬,refined,EUROPE,Netherlands,ÃµÅæ,21,27,27,31,32,31,31,31,36,34,34,33.7
¿¬,refined,EUROPE,Poland,ÃµÅæ,121.5,141,145.4,149,155,154,157,159,162.6,162.6,144,186.254
¿¬,refined,EUROPE,Portugal,ÃµÅæ,4,4,4,8,8,8,10,9,10,9,10,9.8
¿¬,refined,EUROPE,Romania,ÃµÅæ,7,13.2,14,19,23,17,24,21,20,19,20,21.8
¿¬,refined,EUROPE,Russia,ÃµÅæ,103,110,106,96.5,165,193,206,201,190,192,190,200.2
¿¬,refined,EUROPE,Serbia,ÃµÅæ,12,13,15,15,15,6,15,15,16,14,15,16.4
¿¬,refined,EUROPE,Slovakia,ÃµÅæ,,0,9,8,8,8,9,9,9,8,9,9
¿¬,refined,EUROPE,Slovenia,ÃµÅæ,15,14,12,11,12,12,12,12,12,11,12,12
¿¬,refined,EUROPE,Spain,ÃµÅæ,177,160,157,166,172,168.8,188.4,190,192,174.6,192,192
¿¬,refined,EUROPE,Sweden,ÃµÅæ,52.438,61.528,68.713,68.708,71.293,74.365,78.242,75.785,75.327,74.371,73.431,71.165
¿¬,refined,EUROPE,Ukraine,ÃµÅæ,55.337,43.24,48.753,42.9,31.756,28.5,33.6,29.8,24.1,25,59.066,62.4
¿¬,refined,EUROPE,United Kingdom,ÃµÅæ,275,311.93,296,281,304,310,309,303,311,312.6,408.9,437.4
¿¬,refined,AFRICA,Algeria,ÃµÅæ,10,6,9,9,9,8,9,9,9,8,9,9.6
¿¬,refined,AFRICA,Ghana,ÃµÅæ,2.4,2.961,3.076,2.817,3.048,1.823,1.15,1.15,1.012,1,1,1
¿¬,refined,AFRICA,Kenya,ÃµÅæ,1.2,1.2,1.2,1.2,1.2,1.2,1.2,1.2,1.2,1.2,1.2,1.2
¿¬,refined,AFRICA,Morocco,ÃµÅæ,39.5,20.6,20,15,14,11,8,8,8,7,8,7.6
¿¬,refined,AFRICA,Mozambique,ÃµÅæ,0.8,1.7,1.933,2.31,2.494,2.844,3.828,3.422,3.943,1.357,4.594,4.8
¿¬,refined,AFRICA,Nigeria,ÃµÅæ,9,15,9,9,2,9,9,6,12,12,15,15
¿¬,refined,AFRICA,Senegal,ÃµÅæ,2.4,2.383,2.608,2.187,1.856,3.576,3.424,3.693,3.5,4.2,4.868,4.9
¿¬,refined,AFRICA,South Africa,ÃµÅæ,58,58,58,52,52,54,55,56,56,55,56,56.2
¿¬,refined,AFRICA,Tunisia,ÃµÅæ,1,1,1,1,0,0,0,0,0,0,0,0
¿¬,refined,AFRICA,Tanzania,ÃµÅæ,,0,0,0,0,0,0,0,0,3.4,6.056,6.056
¿¬,refined,AFRICA,Zambia,ÃµÅæ,3,4,5,5,4,5,4,5,5,4,5,4.4
¿¬,refined,ASIA,China,ÃµÅæ,4603.6,4590.9,4935.1,4704.3,4421.6,4603.9,4726.2,4942.947,5221.478,4966,7365,7811
¿¬,refined,ASIA,India,ÃµÅæ,379.893,461.371,462.285,477,496.345,689.5,812.4,883,921.9,818.1,893.048,950
¿¬,refined,ASIA,Indonesia,ÃµÅæ,47,45,42,46,46,48,46,54,54,53,54,54
¿¬,refined,ASIA,Iran,ÃµÅæ,82,93.7,76,72,78,130,132,125,122,117,120,126
¿¬,refined,ASIA,Israel,ÃµÅæ,27,27,27,27,26,27,25,28.7,24,20,20,20.2
¿¬,refined,ASIA,Japan,ÃµÅæ,252.562,258.527,251.854,240.045,232.281,239.501,239.382,238.413,236.824,237.3,245,240.955
¿¬,refined,ASIA,Kazakhstan,ÃµÅæ,111.518,87.854,91.1,125.289,119.893,134.124,149.453,154.707,130.99,128.014,120.508,118.388
¿¬,refined,ASIA,Lebanon,ÃµÅæ,7.2,7.2,7.2,7.2,10,11.3,11.9,6,26,22,20,20.2
¿¬,refined,ASIA,Malaysia,ÃµÅæ,34.635,26.429,30.944,26.2,25.3,28,30,30,30,33,33,36
¿¬,refined,ASIA,Myanmar,ÃµÅæ,0.216,0.216,0.216,0.2,0.6,5.9,12,12,12,11,11,14.5
¿¬,refined,ASIA,North Korea,ÃµÅæ,7,7,7,7,7,2,2,2,3,3,3,3
¿¬,refined,ASIA,Pakistan,ÃµÅæ,3,3,9,9,0.1,0.1,5,18,32,32,32,31.6
¿¬,refined,ASIA,Philippines,ÃµÅæ,34,32,34,30,30,14,10,10,10,10,10,10.4
¿¬,refined,ASIA,Saudi Arabia,ÃµÅæ,38,38,38,38,37,60,72,68,68,66,70,69.8
¿¬,refined,ASIA,South Korea,ÃµÅæ,423,460,522,632.538,656.5,812.5,806.6,801,813,770,800,702.463
¿¬,refined,ASIA,Sri Lanka,ÃµÅæ,2.1,3.76,4.8,4.528,2.5,3.004,3.524,4.732,3.719,3.5,4.054,4.052
¿¬,refined,ASIA,Taiwan,ÃµÅæ,36,36,36,40,46,48,48,58,55,55,55,61.6
¿¬,refined,ASIA,Thailand,ÃµÅæ,93,90,90,92,86,86,88,85,82,80,85,82.6
¿¬,refined,ASIA,Turkey,ÃµÅæ,48,50,50,55,56.572,58,58,58,60,56,56,57.8
¿¬,refined,ASIA,United Arab Emirates,ÃµÅæ,2.016,2,2,16,18,22,25,25,25,25,25,25
¿¬,refined,AMERICA,Argentina,ÃµÅæ,84.559,90.265,90.98,95.134,81.2,38.3,43.6,39.9,28,19,19,19
¿¬,refined,AMERICA,Bolivia,ÃµÅæ,0.516,0.516,0,2,0.45,0,1.112,1,1.23,3.2,3.256,5.619
¿¬,refined,AMERICA,Brazil,ÃµÅæ,138,165.397,151.964,160.4,176.2,225,243,250.1,253.7,257.5,265,261.79
¿¬,refined,AMERICA,Canada,ÃµÅæ,282.591,279.15,281.78,281.456,268.863,274.2,274.061,249.884,262,189,197.35,197.4
¿¬,refined,AMERICA,Costa Rica,ÃµÅæ,0,0,0,0,7,8,10.4,10,9,8,10,9.7
¿¬,refined,AMERICA,Colombia,ÃµÅæ,42,42,42,42,42,42,42,42,42,41,41,40.85
¿¬,refined,AMERICA,Cuba,ÃµÅæ,6.477,7.057,7.344,7.698,6.889,5,5,5,5,5,5,5.002
¿¬,refined,AMERICA,Ecuador,ÃµÅæ,0,0,0,0,20,19,25,25,31.8,23.4,21.7,19.3
¿¬,refined,AMERICA,Guatemala,ÃµÅæ,18,11,12,12,12,12,12,12,12,11,12,12
¿¬,refined,AMERICA,Honduras,ÃµÅæ,0,0,0,0,0,0,4.5,8,5,5,6,6
¿¬,refined,AMERICA,Jamaica,ÃµÅæ,0,0,0,0,0,0,4.8,0,0,0,0,0
¿¬,refined,AMERICA,Mexico,ÃµÅæ,397.721,384.108,371.215,363.49,488.64,401.391,422.84,433.109,446.889,410,423.2,428.66
¿¬,refined,AMERICA,Nicaragua,ÃµÅæ,0,0,0,0,0,0,0,0,0,0,0,0
¿¬,refined,AMERICA,Peru,ÃµÅæ,0,4.6,84.567,44.2,1.494,10,15,15,15,10.2,13,14.4
¿¬,refined,AMERICA,U.S.A.,ÃµÅæ,1248,1221,1308,1064,1050,1113,1127,1140,1169.6,1100,975,950.6
¿¬,refined,AMERICA,Venezuela,ÃµÅæ,37.02,37.02,37.02,37.02,20,16,16,9,8,7,7,7.6
¿¬,refined,OCEANIA,Australia,ÃµÅæ,232,207,232.4,226,228,225,211,188.3,124.8,155.6,166.904,157.927
¿¬,refined,OCEANIA,New Zealand,ÃµÅæ,13,3,0,0,0,0,0,0,0,0,0,0
¸ô¸®ºêµ§,mine,EUROPE,Armenia,ÃµÅæ,4.817,5.445,5.934,6.022,5.324,5.458,5.59,5.666,7.305,12.681,11.311,11.392
¸ô¸®ºêµ§,mine,EUROPE,Bulgaria,ÃµÅæ,0.4,0.4,0.4,0.4,0.4,0.4,0.4,0.399,0.4,0.4,0,0
¸ô¸®ºêµ§,mine,EUROPE,Russia,ÃµÅæ,4.8,4.8,4.8,4.8,8.4,9.8,10.8,10.8,10.8,10.8,10.8,10.8
¸ô¸®ºêµ§,mine,AFRICA,Niger,ÃµÅæ,0,0,0,0,0,0,0,0,0,0,0,0
¸ô¸®ºêµ§,mine,ASIA,China,ÃµÅæ,103.32,120.87,122.265,128.52,136.472,129.15,117.1,99.39,104.435,96.008,95.273,104.726
¸ô¸®ºêµ§,mine,ASIA,Iran,ÃµÅæ,3.869,2.997,3,3.064,3.553,3.148,3.292,1.656,0.69,2.393,3.078,2.858
¸ô¸®ºêµ§,mine,ASIA,Japan,ÃµÅæ,0.005,0.005,0.005,0.003,0.005,0.004,0.004,0.01,0.003,0.002,0,0
¸ô¸®ºêµ§,mine,ASIA,Kazakhstan,ÃµÅæ,0.54,0.54,0.54,0.54,0.54,0.54,0.54,0.54,0.258,0.9,0.96,0.96
¸ô¸®ºêµ§,mine,ASIA,Mongolia,ÃµÅæ,1.957,1.904,1.818,2,2.557,2.432,2.596,2.499,2.492,2.608,2.972,2.78
¸ô¸®ºêµ§,mine,AMERICA,Argentina,ÃµÅæ,1.708,1.575,1.802,0.908,0.811,1.708,1.102,1.2,0,0,0,0
¸ô¸®ºêµ§,mine,AMERICA,Canada,ÃµÅæ,8.543,8.936,7.955,9.358,2.33,2.834,4.765,5.235,4.384,2.671,1.444,1.082
¸ô¸®ºêµ§,mine,AMERICA,Chile,ÃµÅæ,40.891,35.095,38.715,48.77,52.577,55.647,62.746,60.705,54.758,59.381,49.426,45.627
¸ô¸®ºêµ§,mine,AMERICA,Mexico,ÃµÅæ,10.881,11.366,12.559,13.618,12.279,11.231,13.985,15.084,16.89,18.562,18.919,16.057
¸ô¸®ºêµ§,mine,AMERICA,Peru,ÃµÅæ,19.141,16.79,18.14,17.018,20.153,25.757,28.141,28.035,30.441,32.185,34.148,31.587
¸ô¸®ºêµ§,mine,AMERICA,U.S.A.,ÃµÅæ,67.73,56.16,60.92,68.48,50.86,35.74,40.48,41.96,43.57,50.76,40.47,37.32
¸ô¸®ºêµ§,mine,OCEANIA,Australia,ÃµÅæ,0,0,0,0,0,0,0,0,0,0,0,0
´ÏÄÌ,mine,EUROPE,Albania,ÃµÅæ,3.528,0.728,2.086,4.889,6.309,3.952,5.301,4.204,2.83,3.764,3.615,1.523
´ÏÄÌ,mine,EUROPE,Finland,ÃµÅæ,19.081,19.955,19.579,19.83,10.643,22.034,36.201,43.572,38.53,41.429,42.098,57.603
´ÏÄÌ,mine,EUROPE,Greece,ÃµÅæ,21.1,21.55,19.35,21.41,19.75,19.394,19.08,17.89,13.715,7.06,4.755,1.68
´ÏÄÌ,mine,EUROPE,Kosovo,ÃµÅæ,7.632,4.436,7.607,6.724,6.65,4.306,7.12,4.791,3.314,3.958,4.735,0
´ÏÄÌ,mine,EUROPE,Macedonia,ÃµÅæ,3.6,1.704,0,0,0,0,0,0,0,0,0,0
´ÏÄÌ,mine,EUROPE,Norway,ÃµÅæ,0.326,0.253,0.38,0.346,0.265,0.214,0.172,0.254,0.19,0.274,0.285,0.263
´ÏÄÌ,mine,EUROPE,Poland,ÃµÅæ,0.85,0.8,0.6,0.78,0.84,0.77,0.72,0.7,0.72,0.71,0.72,0.72
´ÏÄÌ,mine,EUROPE,Russia,ÃµÅæ,270,268.7,264,264,261,221.387,215.167,218.342,225.704,232.532,189.945,219.029
´ÏÄÌ,mine,EUROPE,Spain,ÃµÅæ,0,2.398,7.574,8.631,7.213,0,0,0,0,0,0,0
´ÏÄÌ,mine,AFRICA,Botswana,ÃµÅæ,15.675,17.948,22.848,14.952,16.788,16.878,0,0,0,0,0,0
´ÏÄÌ,mine,AFRICA,Ivory Coast,ÃµÅæ,0,0,0,0,0,0,0.576,6.852,16.421,18.988,27.849,33.534
´ÏÄÌ,mine,AFRICA,Madagascar,ÃµÅæ,0,5.695,25.149,37.054,47.271,42.105,35.474,33.183,33.733,9.9,29.352,31.744
´ÏÄÌ,mine,AFRICA,Morocco,ÃµÅæ,0.217,0.288,0.16,0,0.203,0.188,0.196,0.126,0.131,0.142,0.144,0.144
´ÏÄÌ,mine,AFRICA,South Africa,ÃµÅæ,43.32,45.946,51.208,54.956,56.689,48.994,48.463,43.236,43.466,34.908,31.846,29.272
´ÏÄÌ,mine,AFRICA,Zambia,ÃµÅæ,2.888,0,0,0,0,0,0,0,1.23,3.78,3.68,3.942
´ÏÄÌ,mine,AFRICA,Zimbabwe,ÃµÅæ,7.993,7.898,12.961,16.633,16.109,17.743,16.617,17.85,16.278,16.336,16.213,16.728
´ÏÄÌ,mine,ASIA,China,ÃµÅæ,89.792,93.3,93.2,101.1,101.4,100.2,102.3,108.2,104.674,105.048,98.602,88.2
´ÏÄÌ,mine,ASIA,Indonesia,ÃµÅæ,226.907,622.218,811.481,145.548,128.605,202.946,358.242,619.937,863.965,780.661,1042.814,1625.057
´ÏÄÌ,mine,ASIA,Kazakhstan,ÃµÅæ,0,0,0,0,0,0,0,0,0,0,0,0
´ÏÄÌ,mine,ASIA,Myanmar,ÃµÅæ,0.8,4.9,1.67,19.714,22.902,22.6,21.785,17.802,14.445,24.539,21.127,10.834
´ÏÄÌ,mine,ASIA,Philippines,ÃµÅæ,319.353,317.621,313.05,443.909,466.754,345.506,379.377,389.966,341.325,328.911,393.687,325.679
´ÏÄÌ,mine,ASIA,Turkey,ÃµÅæ,0.848,3.814,1.178,3.035,8.637,9.337,14.767,13.559,4.742,20.201,11.647,25.759
´ÏÄÌ,mine,ASIA,Vietnam,ÃµÅæ,0,0,1.2,6.932,8.607,4.272,0,0,0,0,0,0
´ÏÄÌ,mine,AMERICA,Brazil,ÃµÅæ,74.579,89.565,74.387,85.6,89.32,78.626,68.803,65.254,55.744,77.133,75.988,75.3
´ÏÄÌ,mine,AMERICA,Canada,ÃµÅæ,219.025,211.701,227.743,228.867,234.519,235.034,214.302,185.962,193.056,157.99,116.234,93.64
´ÏÄÌ,mine,AMERICA,Colombia,ÃµÅæ,37.818,51.594,49.386,41.2,36.7,37.085,40.6,43.1,40.6,36.1,38.3,41.8
´ÏÄÌ,mine,AMERICA,Cuba,ÃµÅæ,68.552,64.595,55.62,51.587,50.064,47.753,49.29,48.951,45.492,50.061,49.929,51.101
´ÏÄÌ,mine,AMERICA,Dominican Republic,ÃµÅæ,13.498,15.186,9.4,0,0,9.913,15.632,19.214,28.45,21.316,27.32,29.477
´ÏÄÌ,mine,AMERICA,Guatemala,ÃµÅæ,0,2.422,10.184,46.914,56.506,44.746,55.73,39.02,32.133,49.643,64.933,50.762
´ÏÄÌ,mine,AMERICA,U.S.A.,ÃµÅæ,0,0,0,4.3,27.167,24.114,22.081,17.573,13.494,16.718,18.353,17.475
´ÏÄÌ,mine,AMERICA,Venezuela,ÃµÅæ,13.4,8.1,3.261,2.5,4.851,0,0,0,0,0,0,0
´ÏÄÌ,mine,OCEANIA,Australia,ÃµÅæ,215.014,282.066,292.62,266.181,225.227,203.136,185.466,160.022,158.75,169.344,150.875,160.996
´ÏÄÌ,mine,OCEANIA,New Caledonia,ÃµÅæ,128.113,131.693,164.406,175.174,193.199,204.21,215.382,216.225,208.185,199.697,186.284,199.951
´ÏÄÌ,mine,OCEANIA,Papua New Guinea,ÃµÅæ,0,5.283,11.37,20.987,25.581,22.269,34.666,35.355,32.722,33.659,31.594,34.304
´ÏÄÌ,refined,EUROPE,Austria,ÃµÅæ,0.5,0.5,0.5,0.6,0.7,0.7,0.7,0.7,0.7,0.7,0.7,1
´ÏÄÌ,refined,EUROPE,Finland,ÃµÅæ,48.524,45.518,44.252,42.603,43.479,53.653,59.716,60.765,62.422,63.352,48.789,66.123
´ÏÄÌ,refined,EUROPE,France,ÃµÅæ,13.916,13.546,12.916,8.812,6.761,4.287,2.417,3.7,6.9,7.3,8.9,7.868
´ÏÄÌ,refined,EUROPE,Greece,ÃµÅæ,18.53,18.6,16.827,18.481,17.113,17.069,16.781,15.719,11.974,6.011,4.079,1.444
´ÏÄÌ,refined,EUROPE,Kosovo,ÃµÅæ,7.5,4.436,7.607,6.724,6.65,2.519,8.501,4.388,5.234,7.811,5.911,0
´ÏÄÌ,refined,EUROPE,Macedonia,ÃµÅæ,17.292,19.247,20.001,18.054,17.699,10.607,7.175,10.1,15.202,17.747,17.714,8.349
´ÏÄÌ,refined,EUROPE,Norway,ÃµÅæ,92.427,91.687,91,90.5,91.2,92.7,86.5,90.8,92.1,91.1,91.2,81.9
´ÏÄÌ,refined,EUROPE,Poland,ÃµÅæ,0.85,0.8,0.6,0.78,0.84,0.77,0.72,0.7,0.72,0.71,0.72,0.72
´ÏÄÌ,refined,EUROPE,Russia,ÃµÅæ,266,254,242,239.436,231.916,192.095,157.395,150.325,154.058,154.402,121.088,156.4
´ÏÄÌ,refined,EUROPE,Ukraine,ÃµÅæ,22.475,20.833,26.751,25.129,20.842,18.92,15.605,16.331,15.133,15.91,15.657,10.093
´ÏÄÌ,refined,EUROPE,United Kingdom,ÃµÅæ,37.4,39.4,42.4,39.1,39.094,43.104,37.09,38.211,34.976,35.177,30.654,33.402
´ÏÄÌ,refined,AFRICA,Madagascar,ÃµÅæ,0,5.695,25.149,37.054,47.271,42.105,35.474,33.183,33.733,9.9,29.352,31.744
´ÏÄÌ,refined,AFRICA,South Africa,ÃµÅæ,36,32.5,32.3,34.7,41.957,42.11,42.988,39.494,39.137,29.122,37.958,40.098
´ÏÄÌ,refined,AFRICA,Zimbabwe,ÃµÅæ,3.7,1.8,2.8,2,0,0,0,0,0,0,0,0
´ÏÄÌ,refined,ASIA,China,ÃµÅæ,469.744,590.872,710.657,537.137,453.197,436.973,620.982,732.919,852.375,752.189,813.79,758.355
´ÏÄÌ,refined,ASIA,India,ÃµÅæ,0,0,1.01,2.028,1.861,0.329,0.092,0.077,0.055,0,0,0
´ÏÄÌ,refined,ASIA,Indonesia,ÃµÅæ,19.69,18.373,22.849,21.603,47.43,105.071,197.338,287.736,386.418,630.358,873.144,1167.163
´ÏÄÌ,refined,ASIA,Japan,ÃµÅæ,156.883,169.556,177.81,177.782,192.789,195.565,187.046,186.736,182.652,171.044,180.721,165.143
´ÏÄÌ,refined,ASIA,Myanmar,ÃµÅæ,0,4.9,1.67,19.714,22.902,22.6,21.785,17.802,14.445,24.539,21.127,10.834
´ÏÄÌ,refined,ASIA,South Korea,ÃµÅæ,16.863,23.673,28.13,24.964,39.007,45.616,47.402,45.593,46.269,45.604,47.27,31.959
´ÏÄÌ,refined,AMERICA,Brazil,ÃµÅæ,43.222,58.779,56.224,75.324,70.586,77.162,68.5,65.2,54.2,59.5,60.8,64.6
´ÏÄÌ,refined,AMERICA,Canada,ÃµÅæ,142.445,146.85,152.728,149.486,149.717,158.299,154.759,137.411,124.838,124.043,118.985,90.583
´ÏÄÌ,refined,AMERICA,Colombia,ÃµÅæ,37.818,51.594,49.386,41.2,36.7,37.085,40.6,43.1,40.6,36.1,38.3,41.8
´ÏÄÌ,refined,AMERICA,Cuba,ÃµÅæ,33.98,30.331,16.616,13.252,14.667,15.006,15.751,14.669,12.938,13.083,15,15
´ÏÄÌ,refined,AMERICA,Dominican Republic,ÃµÅæ,13.498,15.186,9.4,0,0,9.913,15.632,19.214,28.45,21.316,27.32,29.477
´ÏÄÌ,refined,AMERICA,Guatemala,ÃµÅæ,0,0,0,2.985,10.818,8.688,12.417,14.688,20.323,22.894,19.931,18.419
´ÏÄÌ,refined,AMERICA,Venezuela,ÃµÅæ,13.4,8.1,3.261,2.5,4.851,0,0,0,0,0,0,0
´ÏÄÌ,refined,OCEANIA,Australia,ÃµÅæ,110.213,125.634,141.252,137.762,152.978,120.52,108.5,114.517,106.47,115.8,98.97,104.4
´ÏÄÌ,refined,OCEANIA,New Caledonia,ÃµÅæ,40.513,45.383,48.371,62.049,77.53,95.983,104.094,107.914,87.921,72.455,56.603,66.22
Àº,mine,EUROPE,Armenia,kg,16.146,13.968,14.081,13.3,15,16,18.5,18.5,17.9,19.5,19.5,19.5
Àº,mine,EUROPE,Bulgaria,kg,54.999,46.523,55.637,50.2,37.955,59.6,59.5,47,40.1,39.1,40,38
Àº,mine,EUROPE,Finland,kg,73.081,10.479,14.226,12.83,13.051,16.348,13.654,12.849,40.461,54.833,45.338,45.396
Àº,mine,EUROPE,Greece,kg,28.704,31.231,36.393,33.659,26.542,29.362,34.2,34.9,43.8,50.3,47.94,30.215
Àº,mine,EUROPE,Ireland,kg,6.1,9.454,7.822,6.4,3.831,1.076,1.344,1.21,1.578,0.918,1.342,2.75
Àº,mine,EUROPE,Poland,kg,1167,1149,1393,1384,1407,1264.7,1290,1264,1249,1218.2,1302.9,1573.7
Àº,mine,EUROPE,Portugal,kg,28.382,29.89,40.621,43.171,41.336,38.63,40.185,90.82,90.8,96,50.884,41.707
Àº,mine,EUROPE,Romania,kg,18,18,18,18,18,18,18,18,18,18,18,18
Àº,mine,EUROPE,Russia,kg,1134,1399.6,1427.7,1434,1580.1,1493,1373,1400.1,1361,1321.9,1213,1212
Àº,mine,EUROPE,Serbia,kg,7.4,8.4,8.4,8.4,5.4,11.3,12.3,9,14.5,11.9,12,12
Àº,mine,EUROPE,Spain,kg,30.811,31.054,27.979,27.306,27.287,17.6,98.6,87.8,77.5,92.8,81.2,81.4
Àº,mine,EUROPE,Sweden,kg,301.959,309.337,341.346,382.611,479.686,515.039,488.135,471.325,423.776,400.929,428.601,459.52
Àº,mine,EUROPE,United Kingdom,kg,0.527,0.228,0.082,0,0,0,0,0,0.13,0.124,0.4,0.4
Àº,mine,EUROPE,Other Europe,kg,32.139,33.268,33.3,33.3,33.3,33.3,33.3,33.3,33.3,33.3,33.3,33.3
Àº,mine,AFRICA,Botswana  ,kg,0,7.564,22.591,22.228,2.8,0,0,0,0,0,10.4,0.04
Àº,mine,AFRICA,Burkina Faso,kg,0,0,0,0,5.5,5.8,7,8,8,8,8.9,8.6
Àº,mine,AFRICA,Democratic Republic Congo,kg,10.08,12.342,60.432,6.487,2.4,0.834,3.4,3.4,3.4,3.4,3.397,3.398
Àº,mine,AFRICA,Eritrea ,kg,4,30,16,53,98,98,79,54,44.8,65.3,68.6,68.5
Àº,mine,AFRICA,Ivory Coast  ,kg,0.098,0.41,0.536,0.608,0.9,0.594,0.482,0.137,0,0,0,0
Àº,mine,AFRICA,Morocco,kg,186.09,170.34,194.08,185.77,215.964,237.201,237.323,151.688,185.7,167,208.197,210.075
Àº,mine,AFRICA,Namibia,kg,0,0.966,1.4,1.128,0.689,0,0,5.121,7.8,6.781,5.3,5.511
Àº,mine,AFRICA,South Africa,kg,73.246,67.305,68.633,37.3,51.861,55.622,62.536,46.467,55.903,38.118,37.147,44.987
Àº,mine,AFRICA,Tanzania,kg,10.399,11.227,12.159,14.493,15.6,17.984,10.911,12.041,12.607,13.187,9.3,16.678
Àº,mine,AFRICA,Other Africa,kg,16.657,19.374,18.325,18.42,18.42,18.42,18.42,18.42,18.42,18.42,18.42,18.42
Àº,mine,ASIA,Azerbaijan,kg,5.465,3.677,1.916,0.97,0.758,4.816,4.669,8.9,8.2,7.6,9,5.659
Àº,mine,ASIA,China,kg,3231.6,3639.1,3673.32,3567.572,3421.4,3754,3601.8,3421.4,3443,3377.8,3511.6,3510
Àº,mine,ASIA,India,kg,203.456,374,366.897,337.94,490.191,445.367,526.604,658.055,582.335,633,689,731.013
Àº,mine,ASIA,Indonesia,kg,227.173,247.827,123.109,119.189,151.934,185.234,328.044,335.491,484.9,338.1,335.9,335.9
Àº,mine,ASIA,Japan,kg,4.486,3.577,3.644,3.541,4.616,5.076,3.408,3.596,3.492,4.2,3.292,3.501
Àº,mine,ASIA,Kazakhstan,kg,650.649,963.137,963.58,981.882,1305.326,1180.458,1028.501,968.941,1022.126,1015.756,1004.8,1012.269
Àº,mine,ASIA,Laos,kg,17.976,20.895,33.348,35.159,49.9,52.122,45.642,37.463,34.4,30,26.8,22.921
Àº,mine,ASIA,Malaysia,kg,0.46,1.547,0.362,0.315,0.9,1.1,1.405,1.5,0.7,0.4,0.7,0.698
Àº,mine,ASIA,Mongolia,kg,19.11,19.1,44.168,51.451,49,79.5,67.2,64.8,69.4,66,48.5,27.12
Àº,mine,ASIA,North Korea,kg,50,50,50,50,50,50,50,50,50,50,50.4,50.4
Àº,mine,ASIA,Philippines,kg,45.53,49.211,40.043,23.005,29.78,35.186,31.748,29.782,31.3,24.024,30.856,56.71
Àº,mine,ASIA,Saudi Arabia,kg,7.5,5.5,4.2,4.9,4.5,4.71,5.07,5.3,5.6,6,6.8,7
Àº,mine,ASIA,South Korea,kg,2.197,1.85,1.75,2,4.6,6.579,8.788,7.09,5.245,7.185,10,2.126
Àº,mine,ASIA,Tajikistan,kg,1.8,1.8,1.8,1.745,2.7,3.2,6.6,9.5,11.1,11.4,11.1,10.9
Àº,mine,ASIA,Thailand,kg,19.453,31.997,32.794,30.568,27.638,35.896,0,0,0,0,0,0
Àº,mine,ASIA,Turkey,kg,246.5,193.89,189.6,183.9,190.55,376.64,151.49,197.32,242,98.3,163,162.5
Àº,mine,ASIA,Uzbekistan,kg,59.1,60,60,60,200,230,232.3,223.9,260,237.6,211.5,211.5
Àº,mine,ASIA,Other Asia,kg,41.976,39.84,28.985,24.544,23.604,23.604,23.604,23.604,23.604,23.604,23.604,23.604
Àº,mine,AMERICA,Argentina,kg,640.7,749.6,768.24,905.1,928.5,933.123,998,1023.8,1039.8,712.3,824.2,541.504
Àº,mine,AMERICA,Bolivia,kg,1214,1207.158,1287.2,1345.2,1306,1353,1196.416,1191.024,1152.628,1153.1,1289.456,1203.192
Àº,mine,AMERICA,Brazil,kg,15.238,20.145,22.427,25.381,44.1,48.8,46.4,49.6,50,50.2,80.9,80.6
Àº,mine,AMERICA,Canada,kg,661.088,685.254,640.362,495.403,383.807,385.1,392.788,403.589,419.218,289.8,325.02,270.493
Àº,mine,AMERICA,Chile,kg,1291.272,1194.521,1173.845,1571.8,1504.271,1501.436,1318.582,1370.237,1309.321,1575.794,1383.041,1151.692
Àº,mine,AMERICA,Colombia,kg,24.045,19.45,14.05,11.69,11.6,11.87,12.07,16.7,12.7,19.021,26.963,26.956
Àº,mine,AMERICA,Dominican Republic,kg,18.554,23.266,80.439,135.108,99.8,121.578,148.389,169.809,108.695,88.283,78.816,71.874
Àº,mine,AMERICA,Guatemala,kg,273.061,204.682,283.856,857.499,803.489,837.819,309.914,0,0,0,0.7,0.698
Àº,mine,AMERICA,Honduras,kg,48.4,50.605,50.917,56.827,34.3,17.636,21.607,31.151,43.579,45,36.7,36.698
Àº,mine,AMERICA,Mexico,kg,4777.71,5358.195,5820.991,5766.664,5974.821,5408.521,5394.479,6049,5840.011,5540.888,6097.531,6174.786
Àº,mine,AMERICA,Nicaragua,kg,7.989,10.191,13.746,13.56,18,21.204,15.419,11.263,17.362,24.481,21.46,20.4
Àº,mine,AMERICA,Peru,kg,3414.009,3480.641,3674.283,3777.384,4102.11,4375.813,4418.041,4160.2,3860.3,2771.825,3309.647,3079.789
Àº,mine,AMERICA,U.S.A.,kg,1120,1060,1050.4,1180,1090,1150,1026.4,924.7,971,985.7,1010,998.2
Àº,mine,AMERICA,Other America,kg,1.4,1.5,1.5,1.5,1.5,1.5,1.5,1.5,1.5,1.5,1.5,1.5
Àº,mine,OCEANIA,Australia,kg,1725,1728,1840.246,1848,1430.3,1418.2,1120,1254.3,1325,1337,1329.718,1090.737
Àº,mine,OCEANIA,Fiji,kg,0.417,0.342,0.462,0.361,0.354,0.354,0.35,0.413,0.692,0.5,0.622,0.411
Àº,mine,OCEANIA,New Zealand,kg,14.324,5.63,11.223,15.812,12.498,7.96,8.02,6.332,4.06,1.393,1.393,1392
Àº,mine,OCEANIA,Papua New Guinea,kg,93.31,81.3,90.192,84.3,71.6,100,66,93,147,130,90.2,90.1
Àº,mine,OCEANIA,Other Oceania,kg,0.592,0.902,0.9,0.9,0.9,0.9,0.9,0.9,0.9,0.9,0.9,0.9
ÁÖ¼®,mine,EUROPE,Portugal,ÃµÅæ,0.04,0.042,0.084,0.075,0.042,0.054,0.079,0.109,0.105,0.101,0.108,0.108
ÁÖ¼®,mine,EUROPE,Russia,ÃµÅæ,0.075,0.245,0.25,0.321,0.578,0.627,1.011,1.531,0.147,0.27,0.296,0.112
ÁÖ¼®,mine,EUROPE,Spain,ÃµÅæ,0,0,0,0,0,0.007,0.023,0.032,2.264,2.538,2.92,2.9
ÁÖ¼®,mine,EUROPE,United Kingdom,ÃµÅæ,0,0,0,0,0,0.16,0.255,0.23,0,0,0,0
ÁÖ¼®,mine,AFRICA,Burundi,ÃµÅæ,0,0,0,0,0.054,0.051,0.123,0.126,0.143,0.106,0.127,0.093
ÁÖ¼®,mine,AFRICA,Democratic Republic Congo,ÃµÅæ,3.008,10.39,3.427,4.094,4.385,6.504,10.231,8.952,12.531,13.526,10.969,12.493
ÁÖ¼®,mine,AFRICA,Egypt,ÃµÅæ,0,0.006,0.087,0.012,0,0,0,0,0,0,0,0
ÁÖ¼®,mine,AFRICA,Namibia,ÃµÅæ,,0,0,0,0,0,0,0,0.009,0.242,0.47,0.575
ÁÖ¼®,mine,AFRICA,Nigeria,ÃµÅæ,1.8,2.4,2.59,2.485,2.364,3.443,8.626,7.853,7.02,5.974,6.949,8.256
ÁÖ¼®,mine,AFRICA,Rwanda,ÃµÅæ,5.485,3.493,3.6,4.447,2.423,2.237,2.972,2.968,2.769,2.002,2.044,2.551
ÁÖ¼®,mine,AFRICA,Tanzania,ÃµÅæ,0,0,0,0,0.12,0.104,0.068,0.006,0.018,0.1,1.2,1.2
ÁÖ¼®,mine,AFRICA,Uganda,ÃµÅæ,0,0,0,0,0.12,0,0.066,0.053,0.05,0,0,0
ÁÖ¼®,mine,ASIA,China,ÃµÅæ,127.4,115.7,101.2,102.1,110.2,97.2,112.2,127,134.3,161.3,152.2,102.3
ÁÖ¼®,mine,ASIA,Indonesia,ÃµÅæ,78,90,84,69.6,68.4,60,82.8,84,86.4,65.4,60,60
ÁÖ¼®,mine,ASIA,Kazakhstan,ÃµÅæ,0,0,0,0,0,0,0,0.002,0,0,0,0
ÁÖ¼®,mine,ASIA,Laos,ÃµÅæ,0.21,0.594,0.535,0.782,0.692,1.005,0.975,1.4,0.526,0.601,0.891,1.854
ÁÖ¼®,mine,ASIA,Malaysia,ÃµÅæ,3.346,3.725,3.688,3.777,4.104,4.123,4.819,3.868,3.596,3.183,3.18,3.18
ÁÖ¼®,mine,ASIA,Mongolia,ÃµÅæ,0.024,0.024,0.072,0.072,0.04,0.036,0.05,0.06,0.03,0.12,0.12,0.12
ÁÖ¼®,mine,ASIA,Myanmar,ÃµÅæ,2.063,5,19,35,58,60,58.907,45.9,45,29.1,29.544,37.683
ÁÖ¼®,mine,ASIA,Thailand,ÃµÅæ,0.252,0.199,0.119,0.118,0.045,0.058,0.341,0.073,0.05,0.221,0.72,0.72
ÁÖ¼®,mine,ASIA,Vietnam,ÃµÅæ,5.4,3.191,5.13,4.072,4.399,4.468,4.95,5.47,5.52,5.42,5.4,5.4
ÁÖ¼®,mine,AMERICA,Bolivia,ÃµÅæ,20.373,19.701,19.287,19.791,20.135,17.461,18.386,17.251,17.194,14.71,19.628,17.361
ÁÖ¼®,mine,AMERICA,Brazil,ÃµÅæ,10.725,13.667,16.83,25.534,18.824,15.183,17.081,17.591,14.867,16.893,15.517,18
ÁÖ¼®,mine,AMERICA,Peru,ÃµÅæ,28.882,26.105,23.668,23.105,19.511,18.789,17.79,18.601,19.853,20.647,26.995,28.231
ÁÖ¼®,mine,OCEANIA,Australia,ÃµÅæ,13.874,6.158,6.472,6.898,7.158,6.635,7.402,6.871,7.738,8.118,8.772,9.246
ÁÖ¼®,refined,EUROPE,Belgium,ÃµÅæ,10.008,11.35,10.346,9.718,8.788,8.474,9.652,9.329,9.296,8.98,9.988,8.471
ÁÖ¼®,refined,EUROPE,Poland,ÃµÅæ,0.82,1.375,1.9,2.253,2.171,2.903,3.422,3.774,3.985,3.91,4.617,4.275
ÁÖ¼®,refined,EUROPE,Russia,ÃµÅæ,0.7,0.9,0.5,0.12,0,0,0.8,1,1.5,1.5,1.8,1.8
ÁÖ¼®,refined,AFRICA,Nigeria,ÃµÅæ,0.6,0.6,0.6,0,0,0,0,0,0,0,0,0
ÁÖ¼®,refined,AFRICA,Rwanda,ÃµÅæ,0,0,0,0,0,0,0,0,0.3,0.3,0.3,0.3
ÁÖ¼®,refined,ASIA,China,ÃµÅæ,155.499,147.863,159.601,187.1,167.2,182.681,178.4,177.717,180.985,202.91,200.488,166.064
ÁÖ¼®,refined,ASIA,India,ÃµÅæ,3.6,3.6,3.75,4.2,0,0,0,0,0,0,0,0
ÁÖ¼®,refined,ASIA,Indonesia,ÃµÅæ,73,79.8,63,64.8,67.35,52.3,72,81.427,81.6,74,72.4,74.4
ÁÖ¼®,refined,ASIA,Japan,ÃµÅæ,1.067,1.136,1.784,1.746,1.659,1.62,1.624,1.647,1.551,1.507,1.878,1.541
ÁÖ¼®,refined,ASIA,Malaysia,ÃµÅæ,40.267,37.791,32.668,36.694,30.261,26.458,27.211,27.197,23.682,22.356,13.257,18.661
ÁÖ¼®,refined,ASIA,Singapore,ÃµÅæ,0,0,0,0,0,0,0,0,0,0,0,0
ÁÖ¼®,refined,ASIA,Taiwan,ÃµÅæ,0,0,2.4,2.6,2.7,2.8,3,2.8,3.8,3.7,3.6,3.6
ÁÖ¼®,refined,ASIA,Thailand,ÃµÅæ,23.864,22.847,22.984,16.338,10.502,11.088,10.601,10.88,9.597,11.307,12.069,9.483
ÁÖ¼®,refined,ASIA,Vietnam,ÃµÅæ,3.9,3.095,4.961,4.688,4.382,4.419,4.44,4.9,4.8,4.6,4.56,4.56
ÁÖ¼®,refined,AMERICA,Argentina,ÃµÅæ,0,0,0,0,0,0,0,0,0,0,0,0
ÁÖ¼®,refined,AMERICA,Bolivia,ÃµÅæ,14.518,14.28,14.863,15.402,15.464,16.81,16.12,15.61,15.111,10.415,16.258,13.301
ÁÖ¼®,refined,AMERICA,Brazil,ÃµÅæ,9.382,11.955,14.721,22.334,16.531,12.542,13.796,13.5,11.928,12,12,15
ÁÖ¼®,refined,AMERICA,Peru,ÃµÅæ,32.29,24.811,24.181,24.462,20.396,19.39,17.906,18.255,19.491,19.585,25.947,26.63
ÁÖ¼®,refined,OCEANIA,Australia,ÃµÅæ,0,0,0,0.014,0.022,0.041,0.021,0.062,0.131,0.1,0.1,0.1
¾Æ¿¬,mine,EUROPE,Armenia,ÃµÅæ,9.354,7.4,9.1,8.5,6.202,4.735,5.784,6.915,7.205,7.637,8.655,6.042
¾Æ¿¬,mine,EUROPE,Bosnia,ÃµÅæ,6.774,7.235,8.779,7.792,9.687,9.365,10.152,10.226,9.2,11.598,7.168,7.931
¾Æ¿¬,mine,EUROPE,Bulgaria,ÃµÅæ,14.045,13.6,13.905,11.891,16.349,18.8,19.3,20.4,21.8,14.7,21.624,21.64
¾Æ¿¬,mine,EUROPE,Finland,ÃµÅæ,64.115,52.197,40.957,45.288,25.332,45.852,66.284,85.067,69.8,61.213,59.1,57.7
¾Æ¿¬,mine,EUROPE,Greece,ÃµÅæ,21.215,20.76,22.865,23.617,27.7,18.9,14.2,21.91,22.12,28,22.6,27.044
¾Æ¿¬,mine,EUROPE,Ireland,ÃµÅæ,344.463,337.573,326.654,282.625,236.372,146.58,130.6,131.742,122.463,127.008,112.249,103.264
¾Æ¿¬,mine,EUROPE,Kosovo,ÃµÅæ,2.9,3.892,8.263,11.197,4.083,6.461,4.5,7.032,3.1,3.9,7.673,1.846
¾Æ¿¬,mine,EUROPE,Macedonia,ÃµÅæ,28.133,28.037,30.908,31.57,29.15,24.871,27.846,29.715,30.603,31.088,30.074,29.866
¾Æ¿¬,mine,EUROPE,Montenegro,ÃµÅæ,3.336,4.56,4.642,7.17,7.045,10.707,10.198,10.709,9.5,10.124,9.4,8.679
¾Æ¿¬,mine,EUROPE,Poland,ÃµÅæ,87.2,77,75,56,53,50,45,42,37.6,35.9,0,0
¾Æ¿¬,mine,EUROPE,Portugal,ÃµÅæ,4.228,30.006,53.382,67.378,61.921,69.527,71.356,145,161.6,176.8,189.858,193.778
¾Æ¿¬,mine,EUROPE,Romania,ÃµÅæ,8.796,8.373,2.04,3.324,3.085,1.597,0.821,0.343,0.24,0.1,2.5,7.353
¾Æ¿¬,mine,EUROPE,Russia,ÃµÅæ,197,189,193,192,201,248,275,285,275,260.7,280,281
¾Æ¿¬,mine,EUROPE,Serbia,ÃµÅæ,3.098,6.016,5.805,6.156,4.011,4.011,3.905,3.844,6.9,6.498,6.442,6.542
¾Æ¿¬,mine,EUROPE,Spain,ÃµÅæ,33.2,32.58,32.71,28.26,64.046,76.3,70.5,106.4,91,90.4,90,78.197
¾Æ¿¬,mine,EUROPE,Sweden,ÃµÅæ,194.021,188.325,176.582,221.8,246.983,258.3,251.2,237.721,247.7,235.4,236.4,250.461
¾Æ¿¬,mine,AFRICA,Algeria,ÃµÅæ,0,0,0,0,0.1,0.3,0.5,0.5,0.498,1.6,0.93,1.2
¾Æ¿¬,mine,AFRICA,Burkina Faso,ÃµÅæ,0,0,32.215,75.259,68.8,81.4,92.7,99.21,106.7,79,84.2,94.587
¾Æ¿¬,mine,AFRICA,Congo,ÃµÅæ,0,0,0,0,0,0.5,4.3,0.5,4.8,1.1,2.56,2.6
¾Æ¿¬,mine,AFRICA,Democratic Republic Congo,ÃµÅæ,7.381,5.286,6.057,7.292,7.097,6.291,6.662,1,1.603,15.307,8.683,6.734
¾Æ¿¬,mine,AFRICA,Eritrea,ÃµÅæ,0,0,0,0,0,40.9,94,125,121.304,121.882,129.6,83.967
¾Æ¿¬,mine,AFRICA,Morocco,ÃµÅæ,45.1,47.6,41.8,45.4,53.7,48.959,52,57.7,43.6,35.8,49.5,50.302
¾Æ¿¬,mine,AFRICA,Nambia,ÃµÅæ,192.531,193.607,187.456,172.769,123.691,118.543,134.387,123.058,124.6,62.3,41.208,36.814
¾Æ¿¬,mine,AFRICA,Nigeria,ÃµÅæ,3.14,13.783,6.818,7.007,14.012,14.035,22,11.751,23.285,26.892,32.2,23.667
¾Æ¿¬,mine,AFRICA,South Africa,ÃµÅæ,36.629,37.034,30.145,26.141,29.04,26.695,30.778,28.129,125.157,160.816,193.785,225.555
¾Æ¿¬,mine,AFRICA,Tunisia,ÃµÅæ,0.564,7.413,7.721,7.369,0.904,0,0,0,0,0,0,0
¾Æ¿¬,mine,ASIA,China,ÃµÅæ,4050,4859.1,5187.7,5118.4,4748.9,4710.5,3868.45,3721.093,3685.821,4058,4737.013,4734.608
¾Æ¿¬,mine,ASIA,India,ÃµÅæ,824.9,725,816.4,712.1,821,646,827.8,747.003,712.6,726.919,785,841.369
¾Æ¿¬,mine,ASIA,Indonesia,ÃµÅæ,0,0,0,0.735,21.263,8.541,13.865,20.074,21,20,15.151,18.163
¾Æ¿¬,mine,ASIA,Iran,ÃµÅæ,138,138,130,150,168.2,135,140,145,150,150,150,156
¾Æ¿¬,mine,ASIA,Japan,ÃµÅæ,0,0,0,0,0,0,0,0,0,0,0,0
¾Æ¿¬,mine,ASIA,Kazakhstan,ÃµÅæ,376.7,370.5,417,386,383.7,365.6,347,344.9,244.7,335,326.9,326.896
¾Æ¿¬,mine,ASIA,Laos,ÃµÅæ,2.246,1.208,2,2,0,0.804,5.735,3.2,1.301,1.096,5.4,5.4
¾Æ¿¬,mine,ASIA,Mongolia,ÃµÅæ,52.35,59.55,52.05,46.6,44.8,50.1,41.35,43.95,41.6,38.15,39.501,31.564
¾Æ¿¬,mine,ASIA,Myanmar,ÃµÅæ,9.294,8.009,4.8,6.118,4.84,6.515,13.1,17.715,21.3,19,10,13.248
¾Æ¿¬,mine,ASIA,North Korea,ÃµÅæ,36,36,36.136,37.261,45.332,66.469,35.671,35,30,28,28,27.9
¾Æ¿¬,mine,ASIA,Pakistan,ÃµÅæ,13.958,1.7,0,0,0,9.242,26.828,32.374,37.364,35.054,35.391,35.398
¾Æ¿¬,mine,ASIA,Philippines,ÃµÅæ,18.174,19.561,16.655,0,0,0,0,0,0,0,0,0
¾Æ¿¬,mine,ASIA,Saudi Arabia,ÃµÅæ,6.762,21.2,26.3,19.636,25,4.2,21.8,22.8,32,32,27,27.014
¾Æ¿¬,mine,ASIA,South Korea,ÃµÅæ,1.486,1.278,1.148,1.919,2.07,2.26,3.321,3.656,4.106,4.252,4.372,4.37
¾Æ¿¬,mine,ASIA,Tajikistan,ÃµÅæ,0.091,29.888,24.393,47.863,50.469,73.928,92.9,84.3,90,90,70.6,70.6
¾Æ¿¬,mine,ASIA,Thailand,ÃµÅæ,22.259,28.3,30,39.1,34.7,34.5,1.182,0,0,0,0,0
¾Æ¿¬,mine,ASIA,Turkey,ÃµÅæ,158.1,212.656,195,225.568,107.824,78.006,146.99,157.265,117.092,136.3,171.7,173.035
¾Æ¿¬,mine,ASIA,Uzbekistan,ÃµÅæ,0,0,8,8,40,45,47.2,38.4,35.4,37.2,42,44.5
¾Æ¿¬,mine,ASIA,Vietnam,ÃµÅæ,34,25,20,17,15,12,12,12,12,12,11.383,15.935
¾Æ¿¬,mine,AMERICA,Argentina,ÃµÅæ,35.081,39.6,41.963,28,30.5,22.8,23.39,22.1,14.9,7.7,6.2,4.689
¾Æ¿¬,mine,AMERICA,Bolivia,ÃµÅæ,427.129,389.822,407.332,448.653,442.154,487,527.2,519.63,527.521,358.41,499.257,524.108
¾Æ¿¬,mine,AMERICA,Brazil,ÃµÅæ,197.84,164.258,152.147,169.776,157,159,156.47,169.783,163.4,174.5,159.9,149.8
¾Æ¿¬,mine,AMERICA,Canada,ÃµÅæ,622.6,641.113,426.544,352.125,289.584,321.759,346.776,305,335.806,247.1,310.2,234.679
¾Æ¿¬,mine,AMERICA,Chile,ÃµÅæ,36.602,26.762,29.759,45.1,48.1,42.87,29,26.8,5.6,28.662,27.915,23.578
¾Æ¿¬,mine,AMERICA,Dominican Republic,ÃµÅæ,,0,0,0,4.7,3.6,3.9,4,5.5,2.4,6,7.968
¾Æ¿¬,mine,AMERICA,Guatemala,ÃµÅæ,0,3.3,0.985,10.652,13.297,14.975,7.949,0,0,0,0,0
¾Æ¿¬,mine,AMERICA,Honduras,ÃµÅæ,10,26,25,30,22.1,28.4,20.436,28.05,29.222,27,32,16.061
¾Æ¿¬,mine,AMERICA,Mexico,ÃµÅæ,631.859,660.349,642.542,659.878,694.544,661.188,674.3,636.821,676.677,688.461,742.926,742.187
¾Æ¿¬,mine,AMERICA,Nicaragua,ÃµÅæ,0,0,0,0,0,0,0,0,0.325,0.177,0.108,0.108
¾Æ¿¬,mine,AMERICA,Peru,ÃµÅæ,1255.899,1281.23,1351.273,1318.66,1421.513,1337.1,1473.037,1470,1404.382,1334.57,1532.043,1369.532
¾Æ¿¬,mine,AMERICA,U.S.A.,ÃµÅæ,769,738,784,832,807.5,804.8,773.8,838,753,718,704,761
¾Æ¿¬,mine,OCEANIA,Australia,ÃµÅæ,1510,1499,1481,1505,1610,884.8,852,1147,1337.3,1314.9,1315.162,1214.603
¾Æ¿¬,slab,EUROPE,Belgium,ÃµÅæ,282,250,252,262,260,236,249,275,271.2,270,270,254
¾Æ¿¬,slab,EUROPE,Bulgaria,ÃµÅæ,88.411,73.558,75.83,76.293,75.095,75.811,73.715,73.71,73.5,74.5,72.418,72.42
¾Æ¿¬,slab,EUROPE,Finland,ÃµÅæ,307.352,314.742,311.686,302.024,305.697,290.599,284.992,295.029,290.844,297.257,292.648,294.122
¾Æ¿¬,slab,EUROPE,France,ÃµÅæ,164,161,152,171,169,149,166,155,142,166,165,124.8
¾Æ¿¬,slab,EUROPE,Germany,ÃµÅæ,169.896,169.401,162.229,169.9,173.5,168.8,174,177.5,182,175,180,161
¾Æ¿¬,slab,EUROPE,Italy,ÃµÅæ,110.2,97.2,111,188.6,195.5,195.3,183,187.2,188.5,181.1,179.8,179.797
¾Æ¿¬,slab,EUROPE,Netherlands,ÃµÅæ,261,257,275,290,291,283,248,268,240,250,255.6,255.6
¾Æ¿¬,slab,EUROPE,Norway,ÃµÅæ,153.2,152.647,143.444,165.6,162.878,170.541,172.086,190.57,195.374,191.576,180.323,181.139
¾Æ¿¬,slab,EUROPE,Poland,ÃµÅæ,144.1,138.3,146.3,154,161.5,161.2,162,160,159.4,160.3,164.7,140.818
¾Æ¿¬,slab,EUROPE,Russia,ÃµÅæ,246.223,250,216.2,223.3,230,255,256.7,254.6,207,212,200,193.5
¾Æ¿¬,slab,EUROPE,Spain,ÃµÅæ,511.092,483,481,498,498,500,507,511,507.9,504.1,505,487
¾Æ¿¬,slab,EUROPE,Ukraine,ÃµÅæ,6.561,6.957,3.9,8.074,0.713,0.071,0,0,0,0,0,0
¾Æ¿¬,slab,AFRICA,Algeria,ÃµÅæ,33.461,21.977,14.687,13.171,7.557,3.1,1.472,0,0,0,0,0
¾Æ¿¬,slab,AFRICA,Namibia,ÃµÅæ,146,144.508,128.291,118.665,71.818,88.65,83.767,67.122,72.366,16.206,0,0
¾Æ¿¬,slab,AFRICA,South Africa,ÃµÅæ,73,0,0,0,0,0,0,0,0,0,0,0
¾Æ¿¬,slab,ASIA,China,ÃµÅæ,5212.2,4881.2,5279.6,5807,6115.9,6196,6143.9,5607.103,6135.664,6424.873,6561,6802
¾Æ¿¬,slab,ASIA,India,ÃµÅæ,788.201,690.769,772.551,700,821.282,615.841,791.5,776.006,691,716,761.147,822
¾Æ¿¬,slab,ASIA,Iran,ÃµÅæ,132,148,140,145,138,135,135,140,144,135,140,139.6
¾Æ¿¬,slab,ASIA,Japan,ÃµÅæ,544.674,571.312,587.291,583.021,566.619,533.689,523.919,521.11,526.717,501.146,517.167,516.637
¾Æ¿¬,slab,ASIA,Kazakhstan,ÃµÅæ,319.847,319.847,319.897,324.754,324.34,325.51,329.178,328.764,295.4,311.322,326.883,269.244
¾Æ¿¬,slab,ASIA,North Korea,ÃµÅæ,42,32,32,27,15,17,15,12,12,15,12,12
¾Æ¿¬,slab,ASIA,South Korea,ÃµÅæ,828.2,876.817,894.789,915.081,929.8,1009.1,961.9,988.6,950,980,960,914.414
¾Æ¿¬,slab,ASIA,Thailand,ÃµÅæ,103.366,107.7,78,65.7,74.1,73,30,0,0,0,0,0
¾Æ¿¬,slab,ASIA,Uzbekistan,ÃµÅæ,54.9,61.1,54,66,72,77.851,70,78,80,80,90,87.5
¾Æ¿¬,slab,ASIA,Vietnam,ÃµÅæ,15.6,15.6,12,12,12,12,10,10,10,10,9.6,9.6
¾Æ¿¬,slab,AMERICA,Argentina,ÃµÅæ,43.6,38.4,39.649,29.1,30.3,0,0,0,0,0,0,0
¾Æ¿¬,slab,AMERICA,Brazil,ÃµÅæ,284.77,246.526,245.4,246.1,231,284.5,245.2,251,195.784,247,240,223
¾Æ¿¬,slab,AMERICA,Canada,ÃµÅæ,662.151,648.619,651.637,649.218,683.118,691.4,598.438,620.202,654.971,685.4,639.843,569.013
¾Æ¿¬,slab,AMERICA,Mexico,ÃµÅæ,322.116,323.569,322.781,320.924,326.834,321.166,327,335.942,393.418,368.2,357,328.727
¾Æ¿¬,slab,AMERICA,Peru,ÃµÅæ,313.714,319.28,346.361,336.454,335.422,341.518,312.339,333.677,356.925,318.619,320,320.2
¾Æ¿¬,slab,AMERICA,U.S.A.,ÃµÅæ,248,261,233,180,172,126,132,116,115,180,216,216
¾Æ¿¬,slab,OCEANIA,Australia,ÃµÅæ,517,508,504,488,489,470,471,491,436,447.3,432.512,385.335
