堡辆,扁埃,荐鞭救沥拳瘤荐,角龙啊拜(藕魂府片 吝惫 郴荐啊拜),啊拜窜困
府片,2018-01-01,4.480432173,152.4227856,RMB/kg
府片,2018-02-01,5.072714781,149.6676578,RMB/kg
府片,2018-03-01,5.054811348,149.6676578,RMB/kg
府片,2018-04-01,6.118411818,142.4173214,RMB/kg
府片,2018-05-01,7.711653633,134.9805478,RMB/kg
府片,2018-06-01,13.93081383,114.5035264,RMB/kg
府片,2018-07-01,21.97050776,98.5424288,RMB/kg
府片,2018-08-01,32.02620388,83.15100046,RMB/kg
府片,2018-09-01,37.52452709,75.64172352,RMB/kg
府片,2018-10-01,41.66209856,70.8047134,RMB/kg
府片,2018-11-01,40.75743367,72.50336363,RMB/kg
府片,2018-12-01,41.36943251,71.98548246,RMB/kg
府片,2019-01-01,46.56385146,65.37411597,RMB/kg
府片,2019-02-01,46.82325429,65.17195775,RMB/kg
府片,2019-03-01,48.23759494,63.60282494,RMB/kg
府片,2019-04-01,49.01418121,62.72680601,RMB/kg
府片,2019-05-01,48.27322741,64.14191351,RMB/kg
府片,2019-06-01,48.7117368,63.53543887,RMB/kg
府片,2019-07-01,51.47446924,60.43567958,RMB/kg
府片,2019-08-01,56.40206811,54.4960787,RMB/kg
府片,2019-09-01,61.26968022,48.16178798,RMB/kg
府片,2019-10-01,61.68377942,47.47830068,RMB/kg
府片,2019-11-01,62.93454689,45.88991471,RMB/kg
府片,2019-12-01,66.4526587,40.47977583,RMB/kg
府片,2020-01-01,68.00172028,37.44740261,RMB/kg
府片,2020-02-01,68.13568388,37.42814944,RMB/kg
府片,2020-03-01,67.60253128,38.50632659,RMB/kg
府片,2020-04-01,68.43999542,37.23561781,RMB/kg
府片,2020-05-01,69.67028216,35.16590276,RMB/kg
府片,2020-06-01,70.78367581,33.19245352,RMB/kg
府片,2020-07-01,70.47606866,32.90365607,RMB/kg
府片,2020-08-01,70.07211988,33.14432061,RMB/kg
府片,2020-09-01,70.41107969,32.84589658,RMB/kg
府片,2020-10-01,69.77982887,33.78930158,RMB/kg
府片,2020-11-01,67.73875108,36.16706725,RMB/kg
府片,2020-12-01,62.95063052,42.44359848,RMB/kg
府片,2021-01-01,49.83361549,58.97593688,RMB/kg
府片,2021-02-01,40.14463879,71.87629169,RMB/kg
府片,2021-03-01,32.60285807,82.20061637,RMB/kg
府片,2021-04-01,31.56342591,83.41286584,RMB/kg
府片,2021-05-01,32.46448804,82.39255587,RMB/kg
府片,2021-06-01,40.40962225,81.55408332,RMB/kg
府片,2021-07-01,40.66602208,81.55408332,RMB/kg
府片,2021-08-01,29.77816362,98.04067616,RMB/kg
府片,2021-09-01,9.600049731,144.6617705,RMB/kg
府片,2021-10-01,4.204662714,175.7357653,RMB/kg
府片,2021-11-01,11.24114691,181.6959919,RMB/kg
府片,2021-12-01,5.791874655,219.6292983,RMB/kg
府片,2022-01-01,1.936607938,314.6539175,RMB/kg
府片,2022-02-01,1.49491703,408.6672779,RMB/kg
府片,2022-03-01,1.99805019,466.666213,RMB/kg
府片,2022-04-01,2.741413223,449.7428138,RMB/kg
府片,2022-05-01,3.15084061,427.1815959,RMB/kg
府片,2022-06-01,8.207749279,451.4928245,RMB/kg
府片,2022-07-01,8.410156397,453.4317569,RMB/kg
府片,2022-08-01,8.303806018,462.897724,RMB/kg
府片,2022-09-01,15.22559127,482.2771041,RMB/kg
府片,2022-10-01,12.32580552,526.7432858,RMB/kg
府片,2022-11-01,9.936780616,568.2066082,RMB/kg
府片,2022-12-01,13.78047124,517.6849916,RMB/kg
府片,2023-01-01,20.23611189,445.0004025,RMB/kg
府片,2023-02-01,26.29095335,391.4192403,RMB/kg
府片,2023-03-01,46.1808991,262.1751009,RMB/kg
